-- MySQL dump 10.13  Distrib 8.0.21, for Win64 (x86_64)
--
-- Host: localhost    Database: netflixdb
-- ------------------------------------------------------
-- Server version	8.0.21

/*!40101 SET @OLD_CHARACTER_SET_CLIENT=@@CHARACTER_SET_CLIENT */;
/*!40101 SET @OLD_CHARACTER_SET_RESULTS=@@CHARACTER_SET_RESULTS */;
/*!40101 SET @OLD_COLLATION_CONNECTION=@@COLLATION_CONNECTION */;
/*!50503 SET NAMES utf8mb4 */;
/*!40103 SET @OLD_TIME_ZONE=@@TIME_ZONE */;
/*!40103 SET TIME_ZONE='+00:00' */;
/*!40014 SET @OLD_UNIQUE_CHECKS=@@UNIQUE_CHECKS, UNIQUE_CHECKS=0 */;
/*!40014 SET @OLD_FOREIGN_KEY_CHECKS=@@FOREIGN_KEY_CHECKS, FOREIGN_KEY_CHECKS=0 */;
/*!40101 SET @OLD_SQL_MODE=@@SQL_MODE, SQL_MODE='NO_AUTO_VALUE_ON_ZERO' */;
/*!40111 SET @OLD_SQL_NOTES=@@SQL_NOTES, SQL_NOTES=0 */;

--
-- Table structure for table `attitudes`
--

DROP TABLE IF EXISTS `attitudes`;
/*!40101 SET @saved_cs_client     = @@character_set_client */;
/*!50503 SET character_set_client = utf8mb4 */;
CREATE TABLE `attitudes` (
  `id` int unsigned NOT NULL AUTO_INCREMENT,
  `user_id` int unsigned NOT NULL COMMENT 'Ссылка на пользователя',
  `content_id` int unsigned NOT NULL COMMENT 'Ссылка на контент',
  `rating` enum('Like','Dislike','') DEFAULT NULL COMMENT 'Рейтинг контента для пользователя',
  `created_at` datetime DEFAULT CURRENT_TIMESTAMP COMMENT 'Время создания строки',
  `updated_at` datetime DEFAULT CURRENT_TIMESTAMP ON UPDATE CURRENT_TIMESTAMP COMMENT 'Время обновления строки',
  PRIMARY KEY (`id`),
  KEY `attitudes_content_user_id_fk` (`user_id`),
  KEY `attitudes_content_content_id_id_fk` (`content_id`),
  CONSTRAINT `attitudes_content_content_id_id_fk` FOREIGN KEY (`content_id`) REFERENCES `content` (`id`) ON DELETE CASCADE,
  CONSTRAINT `attitudes_content_user_id_fk` FOREIGN KEY (`user_id`) REFERENCES `users` (`id`) ON DELETE CASCADE
) ENGINE=InnoDB AUTO_INCREMENT=101 DEFAULT CHARSET=utf8mb4 COLLATE=utf8mb4_0900_ai_ci COMMENT='Таблица отношения к контенту';
/*!40101 SET character_set_client = @saved_cs_client */;

--
-- Dumping data for table `attitudes`
--

LOCK TABLES `attitudes` WRITE;
/*!40000 ALTER TABLE `attitudes` DISABLE KEYS */;
INSERT INTO `attitudes` VALUES (1,43,41,'Like','2006-06-29 20:45:38','2007-04-30 17:50:42'),(2,55,71,'Dislike','2014-09-29 19:06:21','2020-11-23 09:14:17'),(3,75,37,'Like','2006-09-03 03:33:51','2020-11-23 09:14:17'),(4,20,54,'Dislike','2002-10-25 21:28:31','2020-09-04 03:33:20'),(5,21,90,'Like','2017-05-16 21:28:37','2020-11-23 09:14:17'),(6,40,25,'','2010-04-27 10:22:26','2020-11-23 09:14:17'),(7,23,84,'Like','1991-09-11 09:33:23','2020-11-23 09:14:17'),(8,11,56,'Dislike','1988-06-30 03:19:19','2010-08-27 18:19:17'),(9,67,53,'Dislike','2018-11-15 18:51:14','2020-11-23 09:14:17'),(10,47,72,'Dislike','2008-11-20 18:17:25','2020-11-23 09:14:17'),(11,34,71,'Like','1998-03-06 13:34:12','2020-11-23 09:14:17'),(12,78,46,'','1983-07-31 05:17:08','2002-08-06 04:45:01'),(13,17,57,'Like','1989-09-24 20:07:41','2008-03-31 20:18:01'),(14,49,79,'','2005-10-17 08:07:05','2020-11-23 09:14:17'),(15,41,83,'','1992-11-01 16:50:59','2018-09-13 04:10:13'),(16,62,68,'Like','2018-08-12 01:32:50','2020-11-23 09:14:17'),(17,32,1,'Like','1984-07-31 18:18:39','1987-08-23 10:00:36'),(18,56,1,'','1987-01-10 05:35:07','2004-02-03 08:22:14'),(19,18,63,'Dislike','2016-02-08 18:06:47','2020-11-23 09:14:17'),(20,5,91,'','1984-12-16 14:24:07','2020-11-23 09:14:17'),(21,22,2,'Dislike','1995-03-30 16:48:17','1997-03-03 02:25:19'),(22,81,3,'','2007-01-07 20:26:26','2020-11-23 09:14:17'),(23,31,26,'Like','1997-08-26 00:59:50','2015-07-03 07:49:55'),(24,60,7,'Dislike','1999-03-16 06:52:19','2020-11-23 09:14:17'),(25,78,81,'Like','2018-02-27 08:57:28','2020-11-23 09:14:17'),(26,25,62,'Dislike','2002-03-10 03:15:15','2020-11-23 09:14:17'),(27,97,79,'Like','2003-10-06 04:33:36','2010-02-15 06:47:48'),(28,56,25,'Like','1975-09-29 17:31:42','2014-08-05 16:32:25'),(29,60,25,'Dislike','2008-06-28 23:28:19','2020-11-23 09:14:17'),(30,95,45,'Like','2010-12-04 20:02:11','2012-11-03 03:45:09'),(31,66,60,'Dislike','2018-05-10 01:36:09','2020-11-23 09:14:17'),(32,74,98,'','1996-03-14 21:10:52','2020-11-23 09:14:17'),(33,85,83,'Like','1981-12-26 21:51:54','2020-09-29 13:10:04'),(34,29,95,'','2015-12-17 17:04:54','2020-11-23 09:14:17'),(35,84,93,'Like','1996-04-04 03:14:02','2019-05-28 01:22:59'),(36,6,69,'Like','1973-03-24 04:31:05','1976-06-30 05:21:59'),(37,100,50,'Like','1971-03-01 11:19:10','2018-12-31 03:46:54'),(38,66,68,'','2009-08-11 10:42:27','2020-11-23 09:14:17'),(39,86,2,'Dislike','1992-11-04 02:33:33','1995-08-09 17:47:53'),(40,38,32,'','1978-05-08 02:30:37','2007-01-29 18:12:52'),(41,3,3,'Dislike','1978-03-28 23:15:20','1991-02-01 08:00:27'),(42,68,58,'','2009-09-15 22:31:41','2020-11-23 09:14:17'),(43,23,24,'Like','2010-04-24 04:09:31','2020-11-23 09:14:17'),(44,38,54,'','1994-08-10 17:27:03','2020-11-23 09:14:17'),(45,32,64,'','2020-02-20 15:57:46','2020-11-23 09:14:17'),(46,31,96,'','1974-07-04 00:08:31','2002-03-30 00:29:09'),(47,55,54,'Like','1970-08-09 05:06:52','1996-02-04 05:35:00'),(48,72,44,'Dislike','2018-12-31 09:55:14','2020-11-23 09:14:17'),(49,22,71,'Dislike','1983-01-19 21:34:18','1995-08-18 17:46:37'),(50,89,51,'Dislike','2018-03-08 08:19:32','2020-11-23 09:14:17'),(51,8,83,'Dislike','2004-05-14 12:39:12','2006-11-28 11:58:41'),(52,46,100,'Dislike','1987-03-21 02:36:12','2020-11-23 09:14:17'),(53,4,92,'','1977-12-15 16:33:28','1991-02-23 00:06:06'),(54,58,59,'Dislike','2008-04-15 00:42:32','2016-07-16 07:43:00'),(55,46,7,'Dislike','1976-02-08 18:48:45','1976-02-08 19:35:06'),(56,79,52,'Like','2020-06-19 01:05:24','2020-11-23 09:14:17'),(57,24,83,'Dislike','1985-04-28 00:19:52','2019-06-17 01:34:52'),(58,92,20,'','1981-12-10 21:48:04','2020-11-23 09:14:17'),(59,97,38,'Like','1994-05-21 19:30:49','2020-11-23 09:14:17'),(60,48,22,'Like','2005-04-11 20:00:34','2009-04-12 00:24:38'),(61,55,91,'Dislike','1979-11-24 10:04:06','1997-11-26 05:22:16'),(62,5,74,'Like','1983-01-23 11:11:57','2006-11-01 15:26:37'),(63,85,74,'','1986-10-11 19:50:11','2011-07-29 06:05:27'),(64,43,100,'Dislike','2018-01-11 15:50:14','2020-11-23 09:14:17'),(65,8,13,'Like','1996-08-08 04:36:31','2020-11-23 09:14:17'),(66,63,72,'Dislike','1977-04-04 20:58:48','1996-12-11 20:12:25'),(67,30,50,'Dislike','2019-01-18 12:19:35','2020-11-23 09:14:17'),(68,37,55,'Like','1998-01-28 04:09:48','2020-11-23 09:14:17'),(69,35,58,'','1996-02-13 15:02:34','2020-11-23 09:14:17'),(70,34,61,'Like','2017-09-19 04:36:23','2020-11-23 09:14:17'),(71,51,16,'','1978-01-02 17:53:58','1999-11-07 06:21:11'),(72,68,5,'Like','2002-07-03 06:01:19','2020-05-14 12:06:34'),(73,6,71,'','2020-06-22 06:55:39','2020-11-23 09:14:17'),(74,50,39,'Like','1974-12-15 18:45:51','2004-06-21 20:28:53'),(75,100,77,'Dislike','2016-02-10 09:36:56','2020-11-23 09:14:17'),(76,92,47,'Like','1995-04-08 10:45:42','2014-05-11 20:30:26'),(77,18,6,'Dislike','2016-04-21 22:05:37','2020-11-23 09:14:17'),(78,47,3,'','1977-08-17 13:10:46','2020-11-23 09:14:17'),(79,30,50,'Like','1985-10-25 20:49:56','2020-11-23 09:14:17'),(80,78,18,'','2020-05-25 01:06:21','2020-11-23 09:14:17'),(81,47,20,'','2009-11-15 04:29:47','2020-11-23 09:14:17'),(82,82,35,'Like','2004-03-18 09:31:49','2020-11-23 09:14:17'),(83,47,91,'','2020-04-10 15:18:53','2020-11-23 09:14:17'),(84,71,99,'','1986-02-27 17:19:46','2020-04-25 20:02:54'),(85,86,1,'Like','1979-03-04 12:34:09','2020-11-23 09:14:17'),(86,72,66,'Dislike','2018-08-24 19:39:43','2020-11-23 09:14:17'),(87,54,61,'','1978-07-07 11:27:55','1998-01-11 21:21:38'),(88,47,48,'Dislike','2016-03-14 12:23:25','2017-02-10 06:45:46'),(89,89,45,'','1970-01-31 05:34:29','1981-04-25 09:07:28'),(90,33,24,'Dislike','2001-09-26 09:43:11','2020-11-23 09:14:17'),(91,67,31,'Dislike','1989-07-16 17:49:42','2020-11-23 09:14:17'),(92,10,57,'Like','1987-02-17 17:18:27','1997-12-01 09:40:55'),(93,16,16,'','1985-06-28 08:25:48','2020-11-23 09:14:17'),(94,34,89,'','2004-02-25 00:18:46','2020-11-23 09:14:17'),(95,40,49,'Dislike','2005-12-13 01:52:34','2018-11-27 21:57:57'),(96,46,80,'Dislike','1978-12-11 15:28:44','2020-11-23 09:14:17'),(97,74,2,'','1971-11-29 03:50:44','2019-09-30 10:32:48'),(98,59,37,'Like','1976-08-22 09:06:12','1989-01-30 02:30:33'),(99,75,49,'','2007-09-08 19:08:23','2020-11-23 09:14:17'),(100,74,72,'','2009-12-04 10:15:33','2020-11-23 09:14:17');
/*!40000 ALTER TABLE `attitudes` ENABLE KEYS */;
UNLOCK TABLES;

--
-- Table structure for table `content`
--

DROP TABLE IF EXISTS `content`;
/*!40101 SET @saved_cs_client     = @@character_set_client */;
/*!50503 SET character_set_client = utf8mb4 */;
CREATE TABLE `content` (
  `id` int unsigned NOT NULL AUTO_INCREMENT,
  `name` varchar(200) CHARACTER SET utf8 COLLATE utf8_unicode_ci NOT NULL COMMENT 'Название видео',
  `path_to_content` varchar(255) CHARACTER SET utf8 COLLATE utf8_unicode_ci NOT NULL COMMENT 'Путь к файлу',
  `size` int NOT NULL COMMENT 'Размер файла',
  `rating` enum('ALL','7+','13+','16+','18+') CHARACTER SET utf8 COLLATE utf8_unicode_ci NOT NULL COMMENT 'Рейтинг контента ',
  `type_content` enum('Movie','Series') CHARACTER SET utf8 COLLATE utf8_unicode_ci NOT NULL COMMENT 'Тип',
  `metadata` longtext CHARACTER SET utf8mb4 COLLATE utf8mb4_bin COMMENT 'Метаданные',
  `genre_id` int unsigned DEFAULT NULL COMMENT 'Ссылка на жанр',
  `created_at` datetime DEFAULT CURRENT_TIMESTAMP COMMENT 'Время создания строки',
  `updated_at` datetime DEFAULT CURRENT_TIMESTAMP ON UPDATE CURRENT_TIMESTAMP COMMENT 'Время обновления строки',
  PRIMARY KEY (`id`),
  KEY `content_genre_id_fk` (`genre_id`),
  KEY `content_name_idx` (`name`),
  KEY `content_path_to_content_idx` (`path_to_content`),
  KEY `content_size_idx` (`size`),
  KEY `content_name_path_to_content_idx` (`name`,`path_to_content`),
  CONSTRAINT `content_genre_id_fk` FOREIGN KEY (`genre_id`) REFERENCES `genres` (`id`) ON DELETE SET NULL,
  CONSTRAINT `content_chk_1` CHECK (json_valid(`metadata`))
) ENGINE=InnoDB AUTO_INCREMENT=101 DEFAULT CHARSET=utf8 COLLATE=utf8_unicode_ci COMMENT='Таблица контента';
/*!40101 SET character_set_client = @saved_cs_client */;

--
-- Dumping data for table `content`
--

LOCK TABLES `content` WRITE;
/*!40000 ALTER TABLE `content` DISABLE KEYS */;
INSERT INTO `content` VALUES (1,'sunt','http://lorempixel.com/sunt.MP4',2548510,'16+','Movie','{\"Creator\":\"Freddie Rohan\"}',5,'1994-03-30 10:49:54','2020-11-23 09:06:10'),(2,'unde','http://lorempixel.com/unde.MP4',4001838,'13+','Movie','{\"Creator\":\"Morgan Balistreri\"}',5,'1989-01-02 06:48:13','2020-11-23 09:06:10'),(3,'atque','http://lorempixel.com/atque.MP4',1771966,'7+','Movie','{\"Creator\":\"Dorothea Rohan\"}',6,'2016-08-15 17:25:55','2020-11-23 09:06:10'),(4,'velit','http://lorempixel.com/velit.MP4',3706214,'7+','Series','{\"Creator\":\"Jeffrey Wunsch\"}',1,'2005-01-05 18:34:08','2020-11-23 09:06:10'),(5,'quos','http://lorempixel.com/quos.MP4',1323450,'7+','Movie','{\"Creator\":\"Morgan Balistreri\"}',4,'1974-08-14 15:26:31','2020-11-23 09:06:10'),(6,'et','http://lorempixel.com/et.MP4',2912215,'ALL','Series','{\"Creator\":\"Freddie Rohan\"}',3,'1995-09-27 16:56:46','2020-11-23 09:06:10'),(7,'tempora','http://lorempixel.com/tempora.MP4',1891937,'13+','Movie','{\"Creator\":\"Dorothea Balistreri\"}',6,'2002-03-22 15:23:09','2020-11-23 09:06:10'),(8,'debitis','http://lorempixel.com/debitis.MP4',4289685,'18+','Series','{\"Creator\":\"Morgan Balistreri\"}',5,'2019-07-12 13:30:11','2020-11-23 09:06:10'),(9,'tenetur','http://lorempixel.com/tenetur.MP4',2049235,'13+','Movie','{\"Creator\":\"Walter Wunsch\"}',2,'2019-07-01 00:51:21','2020-11-23 09:06:10'),(10,'asperiores','http://lorempixel.com/asperiores.MP4',218513,'16+','Movie','{\"Creator\":\"Morgan Balistreri\"}',5,'2019-05-31 07:23:08','2020-11-23 09:06:10'),(11,'magnam','http://lorempixel.com/magnam.MP4',2375374,'ALL','Movie','{\"Creator\":\"Morgan Balistreri\"}',5,'1970-03-02 13:52:27','2020-11-23 09:06:10'),(12,'ut','http://lorempixel.com/ut.MP4',330368,'7+','Series','{\"Creator\":\"Walter Rohan\"}',2,'2013-10-02 05:49:22','2020-11-23 09:06:10'),(13,'modi','http://lorempixel.com/modi.MP4',2415927,'18+','Movie','{\"Creator\":\"Freddie Wunsch\"}',7,'2016-09-09 23:31:15','2020-11-23 09:06:10'),(14,'dolorem','http://lorempixel.com/dolorem.MP4',1452733,'ALL','Movie','{\"Creator\":\"Walter Stehr\"}',7,'1983-12-16 11:37:03','2020-11-23 09:06:10'),(15,'perspiciatis','http://lorempixel.com/perspiciatis.MP4',1382547,'7+','Movie','{\"Creator\":\"Dorothea Stehr\"}',7,'2016-07-29 01:34:18','2020-11-23 09:06:10'),(16,'eligendi','http://lorempixel.com/eligendi.MP4',2315510,'13+','Movie','{\"Creator\":\"Walter Rohan\"}',3,'2006-01-23 04:37:31','2020-11-23 09:06:10'),(17,'totam','http://lorempixel.com/totam.MP4',1531101,'18+','Series','{\"Creator\":\"Freddie Stehr\"}',4,'1977-01-12 15:20:59','2020-11-23 09:06:10'),(18,'vel','http://lorempixel.com/vel.MP4',1141321,'ALL','Series','{\"Creator\":\"Jeffrey Balistreri\"}',2,'1996-01-11 21:38:33','2020-11-23 09:06:10'),(19,'provident','http://lorempixel.com/provident.MP4',1734057,'13+','Movie','{\"Creator\":\"Freddie Wunsch\"}',1,'2010-04-12 00:46:12','2020-11-23 09:06:10'),(20,'incidunt','http://lorempixel.com/incidunt.MP4',833178,'7+','Series','{\"Creator\":\"Dorothea Rohan\"}',4,'1984-01-24 11:46:24','2020-11-23 09:06:10'),(21,'veritatis','http://lorempixel.com/veritatis.MP4',1689674,'7+','Series','{\"Creator\":\"Dorothea Balistreri\"}',4,'2012-04-10 13:44:47','2020-11-23 09:06:10'),(22,'dignissimos','http://lorempixel.com/dignissimos.MP4',2591282,'18+','Series','{\"Creator\":\"Dorothea Rohan\"}',2,'2016-01-31 06:44:43','2020-11-23 09:06:10'),(23,'quod','http://lorempixel.com/quod.MP4',3001230,'13+','Series','{\"Creator\":\"Morgan Balistreri\"}',2,'1993-10-10 10:48:40','2020-11-23 09:06:10'),(24,'nobis','http://lorempixel.com/nobis.MP4',885082,'ALL','Movie','{\"Creator\":\"Freddie Stehr\"}',3,'1980-02-23 17:03:29','2020-11-23 09:06:10'),(25,'ea','http://lorempixel.com/ea.MP4',904908,'16+','Series','{\"Creator\":\"Morgan Balistreri\"}',6,'1974-12-07 03:09:04','2020-11-23 09:06:10'),(26,'quidem','http://lorempixel.com/quidem.MP4',1666495,'ALL','Series','{\"Creator\":\"Morgan Wunsch\"}',2,'1972-02-01 19:11:53','2020-11-23 09:06:10'),(27,'quo','http://lorempixel.com/quo.MP4',1247034,'18+','Movie','{\"Creator\":\"Walter Rohan\"}',6,'1989-12-17 11:47:31','2020-11-23 09:06:10'),(28,'rem','http://lorempixel.com/rem.MP4',717234,'7+','Series','{\"Creator\":\"Jeffrey Rohan\"}',6,'2011-01-01 22:32:04','2020-11-23 09:06:10'),(29,'velit','http://lorempixel.com/velit.MP4',3998614,'13+','Series','{\"Creator\":\"Walter Wunsch\"}',7,'1971-06-14 20:46:17','2020-11-23 09:06:10'),(30,'recusandae','http://lorempixel.com/recusandae.MP4',196435,'18+','Series','{\"Creator\":\"Walter Wunsch\"}',4,'2006-12-06 22:44:42','2020-11-23 09:06:10'),(31,'est','http://lorempixel.com/est.MP4',1783153,'7+','Movie','{\"Creator\":\"Freddie Wunsch\"}',6,'1995-11-26 16:26:49','2020-11-23 09:06:10'),(32,'neque','http://lorempixel.com/neque.MP4',108366,'ALL','Movie','{\"Creator\":\"Morgan Wunsch\"}',6,'2004-08-13 02:00:44','2020-11-23 09:06:10'),(33,'quia','http://lorempixel.com/quia.MP4',2316830,'ALL','Series','{\"Creator\":\"Jeffrey Stehr\"}',5,'1978-07-09 06:04:26','2020-11-23 09:06:10'),(34,'aut','http://lorempixel.com/aut.MP4',2659128,'ALL','Movie','{\"Creator\":\"Dorothea Balistreri\"}',7,'2001-07-11 07:33:00','2020-11-23 09:06:10'),(35,'reprehenderit','http://lorempixel.com/reprehenderit.MP4',2528345,'16+','Series','{\"Creator\":\"Freddie Rohan\"}',7,'2015-05-09 01:16:59','2020-11-23 09:06:10'),(36,'quis','http://lorempixel.com/quis.MP4',3552938,'ALL','Series','{\"Creator\":\"Freddie Balistreri\"}',1,'1983-07-08 11:25:32','2020-11-23 09:06:10'),(37,'pariatur','http://lorempixel.com/pariatur.MP4',2940718,'18+','Movie','{\"Creator\":\"Morgan Wunsch\"}',4,'2001-09-05 15:56:37','2020-11-23 09:06:10'),(38,'velit','http://lorempixel.com/velit.MP4',3683985,'16+','Movie','{\"Creator\":\"Jeffrey Balistreri\"}',1,'1980-12-23 06:19:39','2020-11-23 09:06:10'),(39,'commodi','http://lorempixel.com/commodi.MP4',1328986,'16+','Series','{\"Creator\":\"Freddie Rohan\"}',5,'1975-11-12 18:10:20','2020-11-23 09:06:10'),(40,'sequi','http://lorempixel.com/sequi.MP4',357861,'18+','Series','{\"Creator\":\"Dorothea Rohan\"}',5,'1983-09-24 16:40:36','2020-11-23 09:06:10'),(41,'delectus','http://lorempixel.com/delectus.MP4',4685032,'18+','Movie','{\"Creator\":\"Walter Balistreri\"}',1,'1994-02-05 12:48:39','2020-11-23 09:06:10'),(42,'consequuntur','http://lorempixel.com/consequuntur.MP4',4719269,'16+','Series','{\"Creator\":\"Walter Rohan\"}',4,'1989-08-29 17:23:21','2020-11-23 09:06:10'),(43,'ad','http://lorempixel.com/ad.MP4',4010938,'18+','Series','{\"Creator\":\"Morgan Wunsch\"}',2,'2002-01-30 00:57:15','2020-11-23 09:06:10'),(44,'est','http://lorempixel.com/est.MP4',4426915,'18+','Series','{\"Creator\":\"Dorothea Stehr\"}',5,'1972-01-15 09:37:52','2020-11-23 09:06:10'),(45,'quidem','http://lorempixel.com/quidem.MP4',4941254,'7+','Series','{\"Creator\":\"Jeffrey Wunsch\"}',6,'2014-03-05 02:34:13','2020-11-23 09:06:10'),(46,'dolorem','http://lorempixel.com/dolorem.MP4',1913832,'13+','Series','{\"Creator\":\"Freddie Balistreri\"}',1,'1975-12-28 04:22:49','2020-11-23 09:06:10'),(47,'iste','http://lorempixel.com/iste.MP4',4188477,'18+','Series','{\"Creator\":\"Walter Balistreri\"}',6,'1999-10-23 08:51:52','2020-11-23 09:06:10'),(48,'et','http://lorempixel.com/et.MP4',4116199,'16+','Movie','{\"Creator\":\"Freddie Balistreri\"}',1,'1971-06-29 05:31:31','2020-11-23 09:06:10'),(49,'ut','http://lorempixel.com/ut.MP4',1276717,'7+','Movie','{\"Creator\":\"Walter Balistreri\"}',3,'2012-01-04 09:45:20','2020-11-23 09:06:10'),(50,'molestias','http://lorempixel.com/molestias.MP4',3070401,'18+','Movie','{\"Creator\":\"Dorothea Rohan\"}',5,'1984-02-21 07:21:11','2020-11-23 09:06:10'),(51,'molestiae','http://lorempixel.com/molestiae.MP4',4728103,'16+','Movie','{\"Creator\":\"Jeffrey Balistreri\"}',5,'1994-09-06 07:25:42','2020-11-23 09:06:10'),(52,'voluptas','http://lorempixel.com/voluptas.MP4',4912059,'16+','Series','{\"Creator\":\"Jeffrey Rohan\"}',5,'1988-07-21 13:11:45','2020-11-23 09:06:10'),(53,'odit','http://lorempixel.com/odit.MP4',4414536,'7+','Series','{\"Creator\":\"Morgan Rohan\"}',7,'1974-07-19 17:12:04','2020-11-23 09:06:10'),(54,'maiores','http://lorempixel.com/maiores.MP4',2201497,'18+','Series','{\"Creator\":\"Jeffrey Wunsch\"}',6,'1974-01-13 12:15:45','2020-11-23 09:06:10'),(55,'saepe','http://lorempixel.com/saepe.MP4',1715593,'ALL','Movie','{\"Creator\":\"Morgan Stehr\"}',1,'2004-03-25 21:05:13','2020-11-23 09:06:10'),(56,'vel','http://lorempixel.com/vel.MP4',3412566,'13+','Series','{\"Creator\":\"Jeffrey Stehr\"}',5,'2000-11-22 06:57:01','2020-11-23 09:06:10'),(57,'consequatur','http://lorempixel.com/consequatur.MP4',4193972,'16+','Series','{\"Creator\":\"Freddie Balistreri\"}',5,'1993-07-23 15:09:07','2020-11-23 09:06:10'),(58,'maxime','http://lorempixel.com/maxime.MP4',1042206,'13+','Series','{\"Creator\":\"Freddie Wunsch\"}',4,'2019-03-22 08:34:34','2020-11-23 09:06:10'),(59,'tenetur','http://lorempixel.com/tenetur.MP4',186973,'7+','Movie','{\"Creator\":\"Freddie Rohan\"}',5,'1987-07-12 06:22:36','2020-11-23 09:06:10'),(60,'repellat','http://lorempixel.com/repellat.MP4',1787839,'18+','Series','{\"Creator\":\"Freddie Rohan\"}',3,'1998-10-25 23:07:50','2020-11-23 09:06:10'),(61,'qui','http://lorempixel.com/qui.MP4',1960063,'13+','Movie','{\"Creator\":\"Jeffrey Balistreri\"}',6,'1984-08-14 18:09:15','2020-11-23 09:06:10'),(62,'aliquid','http://lorempixel.com/aliquid.MP4',4892900,'ALL','Movie','{\"Creator\":\"Morgan Stehr\"}',7,'2019-02-15 20:23:35','2020-11-23 09:06:10'),(63,'beatae','http://lorempixel.com/beatae.MP4',297312,'13+','Series','{\"Creator\":\"Freddie Balistreri\"}',4,'1972-04-02 17:00:22','2020-11-23 09:06:10'),(64,'tempore','http://lorempixel.com/tempore.MP4',1556305,'ALL','Movie','{\"Creator\":\"Freddie Wunsch\"}',2,'2010-06-24 13:19:03','2020-11-23 09:06:10'),(65,'assumenda','http://lorempixel.com/assumenda.MP4',4391304,'7+','Movie','{\"Creator\":\"Jeffrey Balistreri\"}',1,'1993-03-07 18:29:22','2020-11-23 09:06:10'),(66,'quia','http://lorempixel.com/quia.MP4',4814209,'13+','Movie','{\"Creator\":\"Walter Balistreri\"}',5,'1971-08-28 15:37:52','2020-11-23 09:06:10'),(67,'aut','http://lorempixel.com/aut.MP4',2736979,'ALL','Movie','{\"Creator\":\"Dorothea Stehr\"}',3,'2001-01-01 10:16:08','2020-11-23 09:06:10'),(68,'molestiae','http://lorempixel.com/molestiae.MP4',1345379,'16+','Movie','{\"Creator\":\"Dorothea Wunsch\"}',7,'1973-06-14 16:23:47','2020-11-23 09:06:10'),(69,'corrupti','http://lorempixel.com/corrupti.MP4',681835,'ALL','Series','{\"Creator\":\"Walter Balistreri\"}',7,'1994-12-03 13:15:48','2020-11-23 09:06:10'),(70,'et','http://lorempixel.com/et.MP4',3067103,'7+','Movie','{\"Creator\":\"Dorothea Rohan\"}',3,'1986-04-30 03:24:15','2020-11-23 09:06:10'),(71,'doloribus','http://lorempixel.com/doloribus.MP4',1314334,'18+','Movie','{\"Creator\":\"Dorothea Rohan\"}',6,'2003-06-07 20:39:52','2020-11-23 09:06:10'),(72,'non','http://lorempixel.com/non.MP4',3999671,'16+','Series','{\"Creator\":\"Freddie Stehr\"}',4,'1983-01-04 03:38:07','2020-11-23 09:06:10'),(73,'minus','http://lorempixel.com/minus.MP4',243682,'ALL','Series','{\"Creator\":\"Jeffrey Stehr\"}',3,'2005-02-09 16:14:04','2020-11-23 09:06:10'),(74,'maxime','http://lorempixel.com/maxime.MP4',554594,'13+','Movie','{\"Creator\":\"Walter Wunsch\"}',5,'2011-09-03 03:43:36','2020-11-23 09:06:10'),(75,'nam','http://lorempixel.com/nam.MP4',1613664,'16+','Series','{\"Creator\":\"Jeffrey Balistreri\"}',4,'2008-10-03 04:26:11','2020-11-23 09:06:10'),(76,'inventore','http://lorempixel.com/inventore.MP4',4466150,'16+','Movie','{\"Creator\":\"Walter Wunsch\"}',5,'2003-09-25 20:06:30','2020-11-23 09:06:10'),(77,'quis','http://lorempixel.com/quis.MP4',1817402,'13+','Series','{\"Creator\":\"Walter Rohan\"}',6,'2020-01-25 10:21:49','2020-11-23 09:06:10'),(78,'aspernatur','http://lorempixel.com/aspernatur.MP4',3413859,'18+','Series','{\"Creator\":\"Jeffrey Rohan\"}',3,'1975-12-03 00:43:09','2020-11-23 09:06:10'),(79,'deleniti','http://lorempixel.com/deleniti.MP4',3592927,'ALL','Movie','{\"Creator\":\"Morgan Stehr\"}',2,'1981-08-20 19:50:05','2020-11-23 09:06:10'),(80,'sed','http://lorempixel.com/sed.MP4',1793486,'13+','Series','{\"Creator\":\"Dorothea Rohan\"}',3,'2015-02-02 23:08:43','2020-11-23 09:06:10'),(81,'sapiente','http://lorempixel.com/sapiente.MP4',2233453,'16+','Series','{\"Creator\":\"Morgan Balistreri\"}',3,'1987-08-06 19:12:00','2020-11-23 09:06:10'),(82,'et','http://lorempixel.com/et.MP4',666400,'7+','Movie','{\"Creator\":\"Walter Balistreri\"}',2,'1996-05-17 04:13:03','2020-11-23 09:06:10'),(83,'nesciunt','http://lorempixel.com/nesciunt.MP4',2656827,'ALL','Series','{\"Creator\":\"Morgan Balistreri\"}',7,'1989-02-01 13:29:03','2020-11-23 09:06:10'),(84,'hic','http://lorempixel.com/hic.MP4',1175165,'7+','Series','{\"Creator\":\"Dorothea Balistreri\"}',3,'1975-02-17 08:58:00','2020-11-23 09:06:10'),(85,'ea','http://lorempixel.com/ea.MP4',109307,'7+','Series','{\"Creator\":\"Jeffrey Stehr\"}',6,'2004-01-10 00:11:10','2020-11-23 09:06:10'),(86,'iusto','http://lorempixel.com/iusto.MP4',3567344,'16+','Series','{\"Creator\":\"Morgan Rohan\"}',6,'2003-12-01 23:17:04','2020-11-23 09:06:10'),(87,'mollitia','http://lorempixel.com/mollitia.MP4',2579301,'ALL','Series','{\"Creator\":\"Morgan Wunsch\"}',6,'1991-09-16 14:01:46','2020-11-23 09:06:10'),(88,'eum','http://lorempixel.com/eum.MP4',429098,'16+','Movie','{\"Creator\":\"Walter Wunsch\"}',3,'1971-03-12 10:21:00','2020-11-23 09:06:10'),(89,'consequatur','http://lorempixel.com/consequatur.MP4',212516,'13+','Series','{\"Creator\":\"Morgan Wunsch\"}',3,'2016-05-20 06:36:15','2020-11-23 09:06:10'),(90,'blanditiis','http://lorempixel.com/blanditiis.MP4',1274487,'ALL','Movie','{\"Creator\":\"Dorothea Balistreri\"}',5,'2017-01-08 18:05:38','2020-11-23 09:06:10'),(91,'fugiat','http://lorempixel.com/fugiat.MP4',914485,'7+','Movie','{\"Creator\":\"Jeffrey Balistreri\"}',3,'1979-11-07 03:13:19','2020-11-23 09:06:10'),(92,'voluptates','http://lorempixel.com/voluptates.MP4',1830037,'16+','Movie','{\"Creator\":\"Freddie Stehr\"}',5,'1994-05-16 01:14:18','2020-11-23 09:06:10'),(93,'sed','http://lorempixel.com/sed.MP4',2405712,'7+','Movie','{\"Creator\":\"Morgan Balistreri\"}',2,'1997-12-29 10:37:27','2020-11-23 09:06:10'),(94,'consequatur','http://lorempixel.com/consequatur.MP4',1524224,'18+','Movie','{\"Creator\":\"Walter Stehr\"}',7,'1995-12-27 09:33:56','2020-11-23 09:06:10'),(95,'sed','http://lorempixel.com/sed.MP4',1068577,'16+','Movie','{\"Creator\":\"Walter Rohan\"}',5,'2001-09-19 16:36:56','2020-11-23 09:06:10'),(96,'aut','http://lorempixel.com/aut.MP4',2350877,'ALL','Movie','{\"Creator\":\"Morgan Stehr\"}',3,'2007-03-01 15:13:36','2020-11-23 09:06:10'),(97,'dolor','http://lorempixel.com/dolor.MP4',1463634,'7+','Series','{\"Creator\":\"Walter Balistreri\"}',2,'2010-12-05 02:11:46','2020-11-23 09:06:10'),(98,'ipsa','http://lorempixel.com/ipsa.MP4',1234252,'16+','Movie','{\"Creator\":\"Dorothea Rohan\"}',1,'2008-03-08 22:22:51','2020-11-23 09:06:10'),(99,'voluptatem','http://lorempixel.com/voluptatem.MP4',3189775,'ALL','Series','{\"Creator\":\"Walter Balistreri\"}',7,'2006-01-03 05:23:08','2020-11-23 09:06:10'),(100,'quibusdam','http://lorempixel.com/quibusdam.MP4',4129765,'13+','Movie','{\"Creator\":\"Jeffrey Balistreri\"}',7,'2004-11-11 02:03:09','2020-11-23 09:06:10');
/*!40000 ALTER TABLE `content` ENABLE KEYS */;
UNLOCK TABLES;
/*!50003 SET @saved_cs_client      = @@character_set_client */ ;
/*!50003 SET @saved_cs_results     = @@character_set_results */ ;
/*!50003 SET @saved_col_connection = @@collation_connection */ ;
/*!50003 SET character_set_client  = utf8mb4 */ ;
/*!50003 SET character_set_results = utf8mb4 */ ;
/*!50003 SET collation_connection  = utf8mb4_0900_ai_ci */ ;
/*!50003 SET @saved_sql_mode       = @@sql_mode */ ;
/*!50003 SET sql_mode              = 'STRICT_TRANS_TABLES,NO_ENGINE_SUBSTITUTION' */ ;
DELIMITER ;;
/*!50003 CREATE*/ /*!50017 DEFINER=`root`@`localhost`*/ /*!50003 TRIGGER `check_content` BEFORE INSERT ON `content` FOR EACH ROW BEGIN
    IF NEW.metadata IS NULL 
		THEN SIGNAL SQLSTATE '45000' SET MESSAGE_TEXT = 'Ошибка при вводе данных';
	END IF;
END */;;
DELIMITER ;
/*!50003 SET sql_mode              = @saved_sql_mode */ ;
/*!50003 SET character_set_client  = @saved_cs_client */ ;
/*!50003 SET character_set_results = @saved_cs_results */ ;
/*!50003 SET collation_connection  = @saved_col_connection */ ;

--
-- Table structure for table `countries`
--

DROP TABLE IF EXISTS `countries`;
/*!40101 SET @saved_cs_client     = @@character_set_client */;
/*!50503 SET character_set_client = utf8mb4 */;
CREATE TABLE `countries` (
  `id` int unsigned NOT NULL AUTO_INCREMENT,
  `name` varchar(100) CHARACTER SET utf8 COLLATE utf8_unicode_ci NOT NULL COMMENT 'Название страны',
  `created_at` datetime DEFAULT CURRENT_TIMESTAMP COMMENT 'Время создания строки',
  `updated_at` datetime DEFAULT CURRENT_TIMESTAMP ON UPDATE CURRENT_TIMESTAMP COMMENT 'Время обновления строки',
  PRIMARY KEY (`id`),
  UNIQUE KEY `name` (`name`)
) ENGINE=InnoDB AUTO_INCREMENT=51 DEFAULT CHARSET=utf8 COLLATE=utf8_unicode_ci COMMENT='Таблица стран';
/*!40101 SET character_set_client = @saved_cs_client */;

--
-- Dumping data for table `countries`
--

LOCK TABLES `countries` WRITE;
/*!40000 ALTER TABLE `countries` DISABLE KEYS */;
INSERT INTO `countries` VALUES (1,'Pakistan','1996-01-10 01:16:45','1983-03-31 14:13:26'),(2,'Ukraine','1975-04-14 17:18:53','2014-05-06 07:08:17'),(3,'Kuwait','2015-08-26 22:25:39','2008-01-22 06:48:54'),(4,'Saint Lucia','2020-05-15 12:49:51','1985-08-05 12:42:05'),(5,'Liberia','1970-08-21 12:05:00','2001-05-15 03:16:38'),(6,'Yemen','2014-08-01 06:44:10','1991-02-13 00:11:00'),(7,'Ghana','2004-09-15 23:01:31','1994-10-03 23:06:38'),(8,'British Virgin Islands','1971-02-19 15:52:16','1981-02-15 12:12:32'),(9,'Peru','1993-02-28 21:00:39','1981-07-10 07:07:35'),(10,'Uruguay','1992-05-22 23:04:25','2006-08-27 05:15:20'),(11,'French Guiana','1993-04-12 07:05:33','2004-03-25 03:24:47'),(12,'Guinea','2008-07-19 12:20:45','1979-11-27 00:48:30'),(13,'Turkey','1998-07-30 12:09:58','1995-09-14 11:50:04'),(14,'New Zealand','1976-05-16 13:35:44','1972-06-16 05:59:27'),(15,'Netherlands Antilles','1996-03-02 11:34:14','1983-12-08 21:06:03'),(16,'Ireland','2002-04-10 07:11:48','1982-10-24 07:34:33'),(17,'Kiribati','1988-02-18 10:28:06','1978-09-29 00:58:20'),(18,'Oman','1985-07-01 20:01:39','2019-07-20 18:59:55'),(19,'Latvia','1997-06-13 00:26:15','1977-08-28 08:21:11'),(20,'Spain','2005-06-24 18:52:30','1974-11-23 08:36:35'),(21,'French Southern Territories','2012-01-14 04:01:00','1998-04-29 09:35:22'),(22,'Italy','1995-10-31 13:36:24','1985-02-22 13:05:48'),(23,'Western Sahara','1987-02-28 19:07:40','1998-08-18 10:51:38'),(24,'Hong Kong','1994-04-22 18:00:41','1973-10-17 21:00:18'),(25,'Micronesia','1978-06-21 09:28:11','1974-06-23 14:23:08'),(26,'Switzerland','1985-08-18 15:02:30','1985-05-31 01:03:28'),(27,'Dominica','1986-12-16 09:32:05','2011-07-05 10:00:27'),(28,'Paraguay','2015-08-14 12:25:47','2015-03-26 20:07:50'),(29,'Sri Lanka','2005-04-01 00:53:59','2016-08-10 22:42:54'),(30,'Mozambique','1972-10-19 20:58:50','2014-12-10 07:46:24'),(31,'Faroe Islands','2020-09-05 13:43:32','2009-11-17 07:37:49'),(32,'United Kingdom','2010-02-23 21:15:41','2002-10-29 19:38:09'),(33,'Bulgaria','1986-07-11 19:31:49','2014-03-21 07:15:05'),(34,'Cook Islands','1994-08-27 21:50:17','1992-06-30 22:39:38'),(35,'Sudan','1981-12-15 03:10:04','1974-08-11 10:56:14'),(36,'Germany','1988-09-18 11:37:01','2015-11-13 01:19:18'),(37,'Guam','2000-07-21 13:09:18','2014-01-20 01:48:03'),(38,'Georgia','2007-12-12 22:06:15','1993-01-15 05:16:44'),(39,'Svalbard & Jan Mayen Islands','2011-04-14 16:01:29','2018-08-16 16:57:51'),(40,'Nicaragua','1997-11-23 00:45:07','1971-07-19 12:46:03'),(41,'Pitcairn Islands','1994-04-21 03:59:28','2001-09-27 14:41:40'),(42,'Indonesia','1988-12-22 13:49:06','1990-05-24 03:45:06'),(43,'Lesotho','1992-06-09 02:04:33','2000-01-25 07:00:38'),(44,'Iraq','2002-05-17 09:20:24','1989-01-01 19:22:39'),(45,'Suriname','2016-03-18 17:15:08','1981-09-10 18:26:20'),(46,'Puerto Rico','2005-02-08 11:41:03','1977-11-20 03:58:45'),(47,'Zambia','1995-02-27 00:28:13','2012-07-18 12:05:28'),(48,'Nauru','2012-08-10 21:45:20','1993-04-24 20:46:45'),(49,'Equatorial Guinea','1984-09-11 04:33:00','1991-06-18 22:22:45'),(50,'Brunei Darussalam','1978-11-16 18:01:53','2010-03-20 12:08:19');
/*!40000 ALTER TABLE `countries` ENABLE KEYS */;
UNLOCK TABLES;

--
-- Table structure for table `genres`
--

DROP TABLE IF EXISTS `genres`;
/*!40101 SET @saved_cs_client     = @@character_set_client */;
/*!50503 SET character_set_client = utf8mb4 */;
CREATE TABLE `genres` (
  `id` int unsigned NOT NULL AUTO_INCREMENT,
  `name` varchar(200) CHARACTER SET utf8 COLLATE utf8_unicode_ci NOT NULL COMMENT 'Название жанра',
  `created_at` datetime DEFAULT CURRENT_TIMESTAMP COMMENT 'Время создания строки',
  `updated_at` datetime DEFAULT CURRENT_TIMESTAMP ON UPDATE CURRENT_TIMESTAMP COMMENT 'Время обновления строки',
  PRIMARY KEY (`id`),
  UNIQUE KEY `name` (`name`)
) ENGINE=InnoDB AUTO_INCREMENT=8 DEFAULT CHARSET=utf8 COLLATE=utf8_unicode_ci COMMENT='Таблица жанров';
/*!40101 SET character_set_client = @saved_cs_client */;

--
-- Dumping data for table `genres`
--

LOCK TABLES `genres` WRITE;
/*!40000 ALTER TABLE `genres` DISABLE KEYS */;
INSERT INTO `genres` VALUES (1,' Science-fiction film','1982-10-05 03:41:27','2015-04-26 12:42:13'),(2,' Action','1975-12-03 12:31:20','1987-01-20 04:55:30'),(3,'Comedy','1996-03-02 09:27:46','2006-12-22 19:44:31'),(4,' Drama','1983-03-15 21:04:43','2004-11-28 02:54:04'),(5,' Sports film','2016-03-07 18:06:42','2020-11-23 09:06:38'),(6,' Documentary','2007-03-08 19:56:36','2020-11-23 09:06:38'),(7,' Horror','1975-02-13 19:57:14','1989-03-08 13:06:19');
/*!40000 ALTER TABLE `genres` ENABLE KEYS */;
UNLOCK TABLES;

--
-- Temporary view structure for view `kid_watched_content`
--

DROP TABLE IF EXISTS `kid_watched_content`;
/*!50001 DROP VIEW IF EXISTS `kid_watched_content`*/;
SET @saved_cs_client     = @@character_set_client;
/*!50503 SET character_set_client = utf8mb4 */;
/*!50001 CREATE VIEW `kid_watched_content` AS SELECT 
 1 AS `id`,
 1 AS `user`,
 1 AS `email`,
 1 AS `video`,
 1 AS `rating`*/;
SET character_set_client = @saved_cs_client;

--
-- Table structure for table `languages`
--

DROP TABLE IF EXISTS `languages`;
/*!40101 SET @saved_cs_client     = @@character_set_client */;
/*!50503 SET character_set_client = utf8mb4 */;
CREATE TABLE `languages` (
  `id` int unsigned NOT NULL AUTO_INCREMENT,
  `name` varchar(50) CHARACTER SET utf8 COLLATE utf8_unicode_ci NOT NULL COMMENT 'Название языка',
  `created_at` datetime DEFAULT CURRENT_TIMESTAMP COMMENT 'Время создания строки',
  `updated_at` datetime DEFAULT CURRENT_TIMESTAMP ON UPDATE CURRENT_TIMESTAMP COMMENT 'Время обновления строки',
  PRIMARY KEY (`id`),
  UNIQUE KEY `name` (`name`)
) ENGINE=InnoDB AUTO_INCREMENT=9 DEFAULT CHARSET=utf8 COLLATE=utf8_unicode_ci COMMENT='Таблица языков';
/*!40101 SET character_set_client = @saved_cs_client */;

--
-- Dumping data for table `languages`
--

LOCK TABLES `languages` WRITE;
/*!40000 ALTER TABLE `languages` DISABLE KEYS */;
INSERT INTO `languages` VALUES (1,'English','2018-01-19 21:37:49','2020-11-23 09:05:55'),(2,'Deutsch','2001-12-22 20:36:13','2020-11-23 09:05:55'),(3,'Espanol','2011-07-06 16:08:28','2020-11-23 09:05:55'),(4,'Russia','2004-10-10 20:01:51','2020-11-23 09:05:55'),(5,'Italiano','2000-08-21 21:11:05','2020-11-23 09:05:55'),(6,'Francias','1989-02-27 00:10:55','2020-11-23 09:05:55'),(7,'Polski','1991-06-30 18:52:12','2020-11-23 09:05:55'),(8,'Dansk','2007-04-10 22:31:28','2020-11-23 09:05:55');
/*!40000 ALTER TABLE `languages` ENABLE KEYS */;
UNLOCK TABLES;

--
-- Table structure for table `messages`
--

DROP TABLE IF EXISTS `messages`;
/*!40101 SET @saved_cs_client     = @@character_set_client */;
/*!50503 SET character_set_client = utf8mb4 */;
CREATE TABLE `messages` (
  `id` int unsigned NOT NULL AUTO_INCREMENT,
  `user_id` int unsigned NOT NULL COMMENT 'Ссылка на пользователя',
  `body` text CHARACTER SET utf8 COLLATE utf8_unicode_ci NOT NULL COMMENT 'Текст сообщения',
  `created_at` datetime DEFAULT CURRENT_TIMESTAMP COMMENT 'Время создания строки',
  `updated_at` datetime DEFAULT CURRENT_TIMESTAMP ON UPDATE CURRENT_TIMESTAMP COMMENT 'Время обновления строки',
  PRIMARY KEY (`id`),
  KEY `messages_user_id_fk` (`user_id`),
  CONSTRAINT `messages_user_id_fk` FOREIGN KEY (`user_id`) REFERENCES `users` (`id`) ON DELETE CASCADE
) ENGINE=InnoDB AUTO_INCREMENT=101 DEFAULT CHARSET=utf8 COLLATE=utf8_unicode_ci COMMENT='Таблица сообщений пользователю';
/*!40101 SET character_set_client = @saved_cs_client */;

--
-- Dumping data for table `messages`
--

LOCK TABLES `messages` WRITE;
/*!40000 ALTER TABLE `messages` DISABLE KEYS */;
INSERT INTO `messages` VALUES (1,72,'Asperiores sint omnis nihil autem quo et ut qui. Voluptatum voluptatum sed deleniti. Ea vel error reprehenderit accusamus. Voluptate cum fugiat eligendi ut consequatur.','1981-02-19 21:49:25','1994-05-05 20:49:04'),(2,85,'Ad et laborum sit. Reprehenderit vel natus exercitationem dolorum. Voluptatibus nesciunt perspiciatis voluptatem rerum. Et aut qui et provident voluptate itaque adipisci. Reiciendis sunt id necessitatibus autem dolorum et rerum.','1974-07-25 14:03:32','1988-06-01 19:25:05'),(3,70,'Deleniti inventore saepe nihil nostrum. Illum nam ipsa voluptates voluptas veritatis dolores quia. Cupiditate libero officia minus accusantium sunt porro eos. Esse aut nostrum quos maiores laboriosam aut atque et.','1998-11-12 02:56:44','1979-04-14 08:13:06'),(4,30,'Nemo numquam et ea adipisci. Unde nobis enim corporis expedita sunt. Consequuntur quis alias aliquam pariatur enim.','2006-08-17 10:07:01','1976-05-24 20:19:36'),(5,29,'Quas ipsum ea labore ducimus omnis sed ut. Est alias nulla non at aut. Velit delectus explicabo possimus recusandae. Sint nostrum ducimus qui eaque doloremque tenetur maxime et.','2007-10-25 13:10:12','1990-12-06 23:54:04'),(6,88,'Sint vero vel ut dolorum voluptas et. Aut sequi itaque voluptatem qui sint. Aut et quos velit saepe et. Nesciunt totam itaque beatae labore adipisci adipisci autem. Earum eos ea dolor facilis.','1998-12-06 21:45:32','1977-11-25 16:23:01'),(7,37,'Alias similique et optio eos dolore voluptas. Facilis quia eos eaque dolores ut. Accusantium rerum laborum dolor ipsa et sed reiciendis in. Perferendis officia maiores dolorem inventore. Ut ut earum dolores omnis sed laboriosam.','2012-07-15 07:16:07','2010-03-13 21:40:12'),(8,38,'Qui iure natus et aperiam minima. Ratione eveniet suscipit est quam possimus. Optio in repellendus odio excepturi et. Saepe in est rerum quia aut eum quibusdam.','2010-11-22 08:13:14','1971-06-02 14:29:28'),(9,32,'Qui voluptas ab qui qui ratione minus. Nulla dolor veniam eos laboriosam harum itaque. Iste molestiae perspiciatis sint maiores fuga.','2015-02-14 21:36:06','2016-08-28 22:11:06'),(10,92,'Illo rerum qui rem. Excepturi at sequi corporis est cumque voluptates voluptas. Perspiciatis ex unde ut esse nihil unde eveniet. Sit et ut sit quam.','1988-08-19 11:07:06','2003-02-10 10:31:57'),(11,85,'Saepe inventore qui provident ipsam provident quam eaque. Autem et minima aspernatur nemo praesentium.','2006-09-17 12:15:02','2010-06-01 22:53:07'),(12,56,'Itaque reiciendis consectetur cumque sed voluptate quae sed. Fuga molestiae mollitia laborum iure odit est. Ut voluptatem dicta et hic.','1973-03-26 10:51:27','1981-10-18 02:37:26'),(13,54,'Natus laudantium ad eaque harum. Deleniti quis natus ipsum neque quam velit rerum. Qui odit dolorum et ut. Pariatur consequatur ea velit rerum illum aut quia.','1970-04-14 12:03:36','1984-11-26 12:36:16'),(14,78,'Autem ex magnam non consequatur sit ea. Nihil debitis deleniti quo voluptate sed vel voluptatem. Et omnis autem quia. Iure numquam dolorem eligendi autem consequatur.','2006-11-20 18:19:17','2009-09-27 02:27:02'),(15,77,'Rerum ut amet nisi ipsa. Autem consectetur dolor eaque distinctio iusto. Earum neque cupiditate repudiandae et.','1988-08-19 07:01:41','2016-03-24 17:16:03'),(16,29,'Voluptas ullam recusandae et sapiente nostrum consequatur ducimus. Reprehenderit iste aliquid et adipisci nam maiores. Eligendi aliquid debitis excepturi possimus eveniet sed.','2010-05-28 03:54:18','2008-09-10 13:13:22'),(17,60,'Voluptatem inventore fugiat dignissimos velit. Earum molestias qui neque. Voluptate possimus nobis eveniet quidem ut.','2004-11-13 12:55:37','1975-07-08 14:20:47'),(18,53,'Provident dolorum qui enim sit odio. A eveniet explicabo ut perferendis ea. Dolor adipisci sit error ex accusantium aspernatur excepturi.','1977-04-06 07:06:08','2005-04-24 15:41:08'),(19,48,'Occaecati est natus tenetur dolor vel aut. Doloremque dolorem qui vero et nihil tempore voluptas. Modi ut recusandae sapiente ut et. Vero iste repellat non iste rem iste.','1993-10-08 05:41:00','1972-03-15 09:59:11'),(20,65,'Quasi molestiae impedit quod. Mollitia quo labore tenetur aperiam excepturi rerum libero. Quisquam omnis est aut sint molestiae provident est.','1986-08-23 06:09:54','1998-01-05 08:33:20'),(21,81,'Soluta nihil rem ut velit. Beatae reiciendis eum vel ab dolorem autem laborum. Et optio earum fuga maiores voluptatum culpa est. Esse rerum ducimus tempora quo sed consequuntur ipsum asperiores.','2000-05-14 01:59:18','1988-02-15 01:48:39'),(22,32,'Enim voluptatibus dolor esse accusamus molestiae voluptas cum ut. Est perferendis quasi corporis nihil eaque. Sit et et est voluptas. Velit recusandae ipsa dolorem officia autem dicta.','1970-05-04 09:56:46','1975-01-18 05:52:55'),(23,94,'Consequatur velit sint aliquam voluptatem laudantium. Quis commodi beatae delectus iste ipsa consectetur aut officiis. Deserunt vel quo ut nam.','2007-06-04 16:57:48','1978-07-11 19:49:23'),(24,40,'Libero ut quod aut beatae aut consequatur aspernatur. Culpa porro architecto exercitationem nihil quasi sit ut. Officiis consectetur nesciunt at quo. Assumenda consectetur deleniti sapiente a est quia excepturi.','2002-10-19 01:43:38','1996-07-27 08:00:56'),(25,50,'Dolor amet ut et reprehenderit sunt molestiae. Praesentium quis quia non cumque dolorem quas perferendis. Qui est incidunt consequatur. Deserunt eligendi ipsum nam doloremque.','2005-03-20 22:58:20','1985-05-22 07:06:25'),(26,43,'Nesciunt quam ullam assumenda. Et et error quas numquam ullam facilis. Cum voluptatem ratione perferendis molestiae vel est ab. Necessitatibus impedit ut ipsa sequi porro distinctio.','1985-07-26 13:12:45','1980-05-27 14:00:28'),(27,64,'Sit illum consequatur qui. Aspernatur officiis autem saepe nostrum sit molestias.','2004-01-14 07:31:46','1994-08-16 16:58:28'),(28,5,'Consequuntur sunt et et aperiam ducimus. Et quaerat quaerat ab aut quidem ut cumque. Neque quia quas ut sit minus consectetur dicta. A qui ut accusantium temporibus velit quaerat dolores.','1994-01-16 00:50:32','1988-10-25 04:33:12'),(29,78,'Eos dolores rem omnis mollitia id. Et doloremque delectus aperiam consequuntur non quas ut dolorem.','2001-01-06 23:30:20','2009-11-07 14:30:19'),(30,94,'Eius et veniam optio vel aspernatur numquam voluptas. Dignissimos quas odio pariatur alias doloremque quaerat. In blanditiis quia quae eum dolor nam rerum dolores.','1982-04-23 12:59:01','2009-02-02 13:05:52'),(31,42,'Tempora sunt deleniti occaecati quo et commodi saepe aperiam. Maiores consequuntur blanditiis sit. Debitis cum sed dolorum deleniti distinctio non sapiente.','1994-08-09 02:41:05','1983-07-01 14:53:08'),(32,69,'Esse aperiam sit beatae quam est doloremque et. Voluptatem nobis porro non sapiente. Tenetur deserunt est voluptas.','2011-02-13 10:00:30','1970-10-31 07:47:56'),(33,25,'Ducimus molestiae illo quis ullam laudantium quidem alias. Assumenda earum doloremque illo. Quas rerum similique fugit odio magnam.','1993-08-01 07:10:57','2014-09-04 04:01:06'),(34,69,'Voluptas repellendus enim voluptatem quo minima. Nemo non reiciendis facere est ducimus repudiandae. Eaque sit eum atque at. Totam sint deleniti sapiente est sunt culpa ut ea.','1988-05-02 08:32:30','1972-05-20 18:47:47'),(35,25,'Blanditiis similique labore id. Rerum autem nostrum optio fugit impedit autem quos. Autem illo tenetur fugit nihil.','1988-10-01 19:24:59','2006-05-03 09:06:34'),(36,19,'Et fugiat voluptas aut est commodi. Ducimus exercitationem nostrum esse odio. Et occaecati architecto rerum voluptatem quo consequatur. Eum eum ex repellat aut ex.','2015-12-06 10:15:40','1997-05-22 05:36:47'),(37,68,'Natus suscipit eveniet earum eos qui sed. Explicabo enim qui ut consectetur soluta vitae. Earum perferendis deserunt possimus quo eum. Nostrum autem nostrum esse sunt. Et non est quae laboriosam ut sit quae.','2000-03-31 10:03:33','2002-09-28 14:23:24'),(38,91,'Velit eos expedita excepturi cum aliquam et aut. Ipsam voluptate qui quidem debitis amet vel libero. Illum quia ut repellat. Laudantium inventore accusantium ut error.','2000-07-27 10:01:07','1974-09-09 09:36:10'),(39,20,'Hic placeat voluptatum sunt voluptates cumque tempora. Qui explicabo in dolorum molestiae id nemo suscipit atque. Asperiores dolores est quia quis vel enim.','1980-02-09 08:29:26','1974-06-25 07:49:08'),(40,53,'Perspiciatis deleniti consequatur non ipsum quis. Et sequi saepe libero aut veniam perspiciatis eos. Neque consequuntur cumque voluptatem blanditiis eum. Asperiores et vero eos officia dolores ut harum. Soluta praesentium exercitationem facilis.','1979-12-25 06:00:09','2009-06-09 14:50:46'),(41,54,'Laborum non vitae beatae fugit dolores quos est. Distinctio a ex velit numquam totam.','1993-02-17 11:33:34','1985-08-27 20:58:57'),(42,85,'Corrupti inventore voluptatem qui rerum ea. Quisquam et vero possimus in. Nemo sed magnam ipsam natus. Quas libero non quibusdam et iste dolorem vel.','2013-08-23 19:36:00','1991-11-10 10:25:52'),(43,32,'Iure eum debitis id. Iste in voluptatibus quia accusamus modi voluptatem. Et eaque vel deleniti eum quis. Aut qui enim molestiae.','1994-01-16 07:28:25','1971-06-27 11:44:08'),(44,47,'Non consequatur ut autem quidem minima at delectus. Aliquid fuga ratione ut consequatur ut amet. Velit omnis nihil laborum labore. Quo recusandae molestias aut dignissimos voluptatibus nesciunt neque qui.','2011-12-22 22:29:25','2001-04-13 21:42:13'),(45,64,'Ut et amet tempore consequuntur. Molestiae blanditiis ut quis atque rerum illo debitis. Quia error corporis et repellat. Magni harum modi ut maiores aliquam.','2005-05-01 10:14:47','1986-05-01 22:42:44'),(46,2,'Dolorem nihil omnis dignissimos. Consequatur non neque cupiditate explicabo qui. Vitae harum et nobis omnis officia. Quae aut maxime temporibus non quo quae ut.','1988-08-18 20:36:03','2003-12-03 03:42:07'),(47,87,'Asperiores architecto ipsum dolore eos occaecati laborum. Et doloribus aut labore quas ut et. Sint ut modi eum.','2003-07-15 20:40:18','2011-04-10 10:47:06'),(48,60,'Recusandae ut ut maiores praesentium blanditiis maxime. Ut eos modi odio. Tenetur aut in id dignissimos molestiae.','1998-02-09 12:00:21','2018-05-11 03:30:55'),(49,53,'Est velit culpa ut minus deleniti qui. Corrupti omnis amet dolor ducimus. Aut voluptas porro facilis fugiat reiciendis a suscipit.','1998-08-21 05:31:10','1986-09-29 13:52:05'),(50,49,'Non similique enim et omnis. Consequatur fugiat rem molestiae magni. Quas alias tempore maxime et quis. Et molestiae ex quam doloribus libero pariatur.','2000-02-07 17:10:46','1985-06-11 07:40:11'),(51,18,'At occaecati veniam accusantium inventore repellat expedita animi. Consequatur veritatis nam qui voluptas et. Reprehenderit eveniet non et excepturi unde ipsum. Et in maxime cumque cupiditate rerum. Ea impedit qui similique atque.','1978-06-24 11:05:12','1988-05-10 21:29:27'),(52,63,'Enim enim soluta ipsum iusto et praesentium. Quaerat ut nisi similique qui minus est qui. Voluptatem velit blanditiis quia nemo iusto rem reprehenderit.','1995-01-22 13:38:51','2003-08-22 03:31:39'),(53,69,'Et voluptatum quam repudiandae modi odit qui. Vel recusandae ut omnis aut explicabo porro tenetur. Dolorem corporis quaerat totam dolor. Molestiae molestias corporis sed expedita.','2018-10-13 07:59:57','2014-07-29 19:11:50'),(54,93,'Cum cum qui voluptas ut quo est. Ab hic repellendus ut similique eveniet sequi est. Autem eum sunt ab quibusdam.','2011-05-09 04:17:52','2005-11-13 11:30:18'),(55,75,'Est pariatur maiores sed laudantium. Et aut fugiat ut eos modi. Reprehenderit alias adipisci repudiandae sapiente illo dolore officia nihil. Voluptatem velit magni architecto harum atque.','1970-05-28 12:56:42','1991-10-12 09:12:56'),(56,96,'Et qui aspernatur sit exercitationem reiciendis. Aspernatur rerum eligendi in nisi delectus alias veritatis. Consequatur placeat voluptatem beatae quae. Vel quidem omnis quis aspernatur veniam.','1995-08-05 16:27:04','1972-07-19 11:18:06'),(57,94,'Illo est debitis est architecto. Dolores illum quo facere eveniet. Dolorem sed reprehenderit quo facere iusto quia qui.','1975-02-19 01:29:20','2003-07-10 22:24:16'),(58,35,'Aut odit quo quos facere. Omnis et sequi labore doloremque eius dolores ab. Similique ut vero dignissimos. Quisquam illo magnam quia facilis. Et qui numquam ut adipisci molestiae sint.','2015-04-02 18:58:43','1993-08-25 21:29:29'),(59,89,'Consectetur numquam architecto est velit aspernatur ipsam. Quia quia cumque expedita quae nulla.','1976-10-30 21:55:45','1970-07-13 17:21:54'),(60,8,'Et iure est et maxime praesentium voluptatem aut. Corrupti tenetur ex est et dolorum expedita sed. Eos enim sit mollitia. Ut amet voluptatum itaque qui qui praesentium.','2004-11-12 08:17:19','2013-05-28 16:15:59'),(61,30,'Explicabo quo quae expedita dicta distinctio. Perferendis doloremque et neque rerum quo. Consequatur et ab impedit aut facere id consequatur.','1976-05-21 13:57:29','1996-11-02 13:20:20'),(62,90,'Ab ullam saepe illo qui deserunt et. Et ullam minus sit. Voluptas voluptas corrupti velit dignissimos adipisci qui et. Consequatur eum omnis vel velit quia a.','2000-01-08 01:27:38','1981-11-08 10:57:06'),(63,37,'Qui sed eveniet autem odit. Praesentium eligendi earum ducimus blanditiis illum beatae. Consequatur in quos aut quo ut et.','2004-08-13 11:18:39','2008-11-14 23:41:03'),(64,92,'Ipsam aut eveniet dolores cupiditate iure. Iusto voluptatem natus nesciunt quia dolores fuga. Aliquid est recusandae saepe natus. Est quos nam voluptate molestiae.','1988-07-21 16:54:09','1980-01-25 14:41:13'),(65,72,'Consequatur quo quia consequatur nihil sint quam ex dolores. Dolores aliquid nihil quia unde ducimus minima eligendi.','1983-05-25 04:36:35','1974-11-08 01:53:04'),(66,70,'Sed est eum voluptatem similique consequuntur. Consequuntur saepe laudantium amet magni recusandae. Mollitia expedita odio eos eveniet quod ipsa maiores.','1975-06-15 08:57:27','2002-04-10 10:16:46'),(67,70,'Ab nihil repellendus expedita quasi sit numquam. Nihil et expedita nulla cum sequi. Id optio atque autem ipsa. Omnis in et delectus dolores.','2013-10-10 15:11:11','1970-06-19 08:24:33'),(68,85,'Et velit vel quia voluptatum dolorum omnis. Dolore atque hic sed quia placeat deserunt. Sed ducimus ut excepturi. Qui vel aut ea perspiciatis fuga ratione repellat.','2011-12-18 04:15:35','1979-05-03 17:35:48'),(69,60,'Quas recusandae perferendis esse ut perspiciatis et quo. Necessitatibus laudantium rerum voluptate sunt unde. Excepturi aut est iure incidunt autem excepturi.','2001-12-20 15:49:00','1973-08-11 23:03:43'),(70,33,'Alias tempore aliquid nisi officiis qui et dolores. Aliquam ipsam dicta consectetur unde voluptatem. Omnis quibusdam voluptatem aut nostrum occaecati. Minima assumenda fugiat autem sed.','2016-04-25 16:39:24','1997-10-17 14:31:12'),(71,31,'Iste rerum omnis earum temporibus vel atque eos sequi. Minima in eaque rerum mollitia itaque. Deleniti blanditiis fuga expedita quis ipsa.','2018-07-09 23:54:03','1998-11-18 12:46:50'),(72,41,'Est aut et autem voluptas est. Pariatur illum vel voluptas cupiditate corrupti repellendus. Ab sint corporis numquam ab. Dolor et quam esse natus.','1991-01-09 10:22:55','1985-10-19 18:11:40'),(73,97,'Et maxime ipsam ut ratione sint. Illo illo qui est non eum amet et. Animi eligendi tempora delectus culpa accusantium non.','2003-06-26 21:02:12','2006-04-04 14:14:42'),(74,59,'Molestiae nam pariatur quo molestiae odio eos fugiat. Iusto animi quo qui recusandae. Nesciunt quos voluptas et est dolores.','1992-05-10 05:19:46','2017-03-11 21:26:02'),(75,87,'Aperiam at sit totam in ipsum. Tempora rerum neque et illo. Ullam molestiae voluptatem omnis. Officia quia esse cupiditate voluptas nobis quidem.','1982-05-03 02:25:27','1979-06-27 14:53:23'),(76,67,'Deserunt qui voluptatem ducimus sint. Est voluptatem ex occaecati esse. Nobis cum modi voluptatem ut.','2017-12-27 07:10:10','2002-08-12 08:57:45'),(77,87,'Est dolorem quo quis cum soluta deserunt. Qui autem culpa voluptatum repellat quas. Ullam amet aut placeat. Illo facilis porro incidunt labore porro quod illo.','2001-05-07 20:53:13','2006-10-18 20:48:25'),(78,1,'Excepturi quod nobis quod facilis. Autem temporibus ut et aut similique adipisci. Suscipit id quia accusantium inventore. Sint accusantium quas repudiandae aut explicabo recusandae voluptatem. Nemo a sunt eius sapiente omnis praesentium.','1995-06-20 17:55:56','2014-12-26 04:17:25'),(79,26,'Enim totam excepturi molestiae quaerat repellat. Doloribus corporis nobis debitis dolore aliquid molestias alias rerum. Accusantium inventore voluptatem id dolorum qui.','2007-09-29 17:57:51','2014-10-06 22:18:27'),(80,97,'Qui similique autem minus quaerat rerum fugiat consequatur. Accusantium ex quae voluptatem reprehenderit deleniti. Blanditiis accusantium ut minima iure sed. Vitae explicabo rerum quidem illum commodi blanditiis.','2015-08-15 01:32:43','1974-07-31 21:36:16'),(81,99,'Dignissimos ratione incidunt reiciendis dicta dolor ratione. Iusto quaerat tenetur officiis. In consequuntur ratione quasi rem aperiam.','2015-07-16 06:04:11','2010-06-14 23:26:04'),(82,33,'Velit enim velit ut et. Omnis rerum consectetur totam quibusdam et. Eum facilis aspernatur quis ab nostrum ut. Qui amet ut officia.','1984-09-11 20:06:35','2008-07-11 06:22:14'),(83,100,'Aut laborum inventore omnis consectetur sunt vel quo dolores. Iste aut recusandae quia est consequatur. Saepe natus quod est placeat velit. Aliquam accusamus et dolorem expedita eum.','1991-10-15 04:58:16','1993-08-16 19:44:32'),(84,60,'Libero laudantium et aut. Illo vel quasi dolores. Neque sit corporis suscipit aut nemo inventore. Omnis minus commodi officiis laborum natus.','1970-01-01 19:02:34','2006-02-18 06:33:31'),(85,24,'Id nulla et ad voluptas dolor amet nulla. Est quia ratione minus sequi et doloribus alias eum. Voluptatem voluptatibus illum ullam sapiente dolor voluptas est natus.','2000-10-26 20:07:42','2014-01-21 11:24:58'),(86,49,'Maiores cupiditate ipsum omnis laboriosam incidunt. Et eos culpa similique aspernatur eius. Architecto possimus repellat adipisci aliquid sed.','2006-06-20 10:53:38','1996-05-04 15:56:24'),(87,22,'Voluptas accusantium qui sequi voluptatem aut velit. Ea consequatur eveniet illo enim itaque qui perferendis consequatur. Tenetur quam molestiae mollitia nulla.','1975-03-29 14:49:38','1995-11-06 02:12:08'),(88,71,'Vel et officia et voluptatem. Est totam in praesentium in ut rerum. Praesentium fugit magnam numquam ut unde eos exercitationem.','2018-10-07 21:09:05','2006-03-15 23:54:57'),(89,41,'Aut officia sit molestiae non iure. Consectetur debitis rerum error perferendis dignissimos officiis ut. Consectetur vero velit dolor ut necessitatibus velit. Non molestias assumenda dolorem expedita occaecati.','2000-08-18 10:37:06','2011-12-11 09:59:50'),(90,21,'Quos quasi consequatur sunt quasi est omnis ex delectus. Officia laudantium sunt qui eum. Quod est magni numquam et laborum. Sit harum id quae vel id.','1975-07-14 01:49:09','1976-01-08 21:18:58'),(91,39,'Dolore aut quod itaque cupiditate minima ut officia. Aut qui placeat quidem libero. Saepe ut id dicta in quas excepturi. Et delectus magni assumenda ea autem dicta sequi.','2012-09-19 16:32:02','1986-11-07 07:41:49'),(92,74,'Et dolorum sunt veritatis quasi dolorem tempore ad. Asperiores rerum ipsam consequuntur tempora cupiditate. Repellat tempora possimus modi. Nulla accusamus quam et quia rerum.','2011-04-27 08:42:28','1977-05-11 00:16:36'),(93,43,'Architecto ut eos illo qui. Ex vel eligendi corrupti harum. Voluptatibus fuga autem quo hic et ipsam voluptatem.','1987-03-07 20:04:30','1970-07-27 11:56:51'),(94,61,'Vel ea fugit necessitatibus. Quia qui laudantium aut culpa sit ab assumenda. Id et eligendi quo et illo sed nisi. Est nemo nostrum quia quod quos et ab.','2002-04-04 12:35:58','1983-04-22 13:34:17'),(95,71,'Neque voluptatem voluptas et fugit quis consectetur doloremque. Consequatur quod eum sit. Nesciunt quis omnis consequatur sequi consequatur aut. In voluptates dolorem facere tempore est.','1998-03-11 07:05:51','1989-10-07 18:22:33'),(96,62,'Consequuntur alias consequatur soluta expedita sint. Aut vitae corrupti quia harum quam dolorum. Debitis rerum sunt eligendi est iure.','1984-03-31 06:11:22','1987-04-14 05:21:10'),(97,15,'Aut neque officiis enim. Ipsum facilis adipisci perferendis ad. Provident facilis non rerum ea provident eum possimus. Et ea labore magni ipsam blanditiis sit possimus.','1972-12-03 21:20:44','2012-02-21 21:00:26'),(98,60,'Explicabo officia mollitia molestias ex. Facere doloribus non veniam eaque est nostrum dolorem perferendis. Ratione voluptas dicta aut. Aliquid aut iure id ducimus explicabo sapiente.','1981-01-09 18:06:38','1996-09-09 21:02:45'),(99,48,'Libero officia fugit non a et aliquam quo exercitationem. Vel ullam sed et cumque et. Est esse rerum ut magni nostrum. Nihil quaerat doloremque magni.','1982-01-05 18:12:10','1992-03-13 05:12:10'),(100,26,'Accusamus molestiae repudiandae quibusdam nam reprehenderit. Blanditiis hic consequatur soluta consequatur quidem. Repudiandae expedita ab voluptates quo.','1972-12-19 16:02:20','2009-02-14 21:30:57');
/*!40000 ALTER TABLE `messages` ENABLE KEYS */;
UNLOCK TABLES;

--
-- Table structure for table `pictures`
--

DROP TABLE IF EXISTS `pictures`;
/*!40101 SET @saved_cs_client     = @@character_set_client */;
/*!50503 SET character_set_client = utf8mb4 */;
CREATE TABLE `pictures` (
  `id` int unsigned NOT NULL AUTO_INCREMENT,
  `content_id` int unsigned DEFAULT NULL COMMENT 'Ссылка на контент',
  `picture_path` varchar(255) CHARACTER SET utf8 COLLATE utf8_unicode_ci NOT NULL COMMENT 'Путь к превью',
  `created_at` datetime DEFAULT CURRENT_TIMESTAMP COMMENT 'Время создания строки',
  `updated_at` datetime DEFAULT CURRENT_TIMESTAMP ON UPDATE CURRENT_TIMESTAMP COMMENT 'Время обновления строки',
  PRIMARY KEY (`id`),
  KEY `pictures_content_id_fk` (`content_id`),
  KEY `pictures_picture_path_name_idx` (`picture_path`),
  CONSTRAINT `pictures_content_id_fk` FOREIGN KEY (`content_id`) REFERENCES `content` (`id`) ON DELETE CASCADE
) ENGINE=InnoDB AUTO_INCREMENT=101 DEFAULT CHARSET=utf8 COLLATE=utf8_unicode_ci COMMENT='Таблица превью к контенту';
/*!40101 SET character_set_client = @saved_cs_client */;

--
-- Dumping data for table `pictures`
--

LOCK TABLES `pictures` WRITE;
/*!40000 ALTER TABLE `pictures` DISABLE KEYS */;
INSERT INTO `pictures` VALUES (1,1,'http://lorempixel.com/pictures/quis.jpeg','1988-10-06 17:31:00','2020-11-23 09:13:05'),(2,2,'http://lorempixel.com/pictures/quod.jpeg','2014-12-01 17:18:32','2020-11-23 09:13:05'),(3,3,'http://lorempixel.com/pictures/magnam.jpeg','1987-11-17 08:56:04','2020-11-23 09:13:05'),(4,4,'http://lorempixel.com/pictures/sint.jpeg','2003-03-05 00:49:39','2020-11-23 09:13:05'),(5,5,'http://lorempixel.com/pictures/voluptatibus.jpeg','2006-09-24 08:14:12','2020-11-23 09:13:05'),(6,6,'http://lorempixel.com/pictures/aut.jpeg','2007-02-17 18:48:16','2020-11-23 09:13:05'),(7,7,'http://lorempixel.com/pictures/non.jpeg','1979-12-03 08:18:51','2020-11-23 09:13:05'),(8,8,'http://lorempixel.com/pictures/quia.jpeg','1974-04-14 13:04:37','2020-11-23 09:13:05'),(9,9,'http://lorempixel.com/pictures/dolorem.jpeg','1985-11-16 07:05:44','2020-11-23 09:13:05'),(10,10,'http://lorempixel.com/pictures/facere.jpeg','2004-02-05 21:33:47','2020-11-23 09:13:05'),(11,11,'http://lorempixel.com/pictures/soluta.jpeg','1989-01-28 07:30:22','2020-11-23 09:13:05'),(12,12,'http://lorempixel.com/pictures/quis.jpeg','1996-04-18 00:19:58','2020-11-23 09:13:05'),(13,13,'http://lorempixel.com/pictures/aut.jpeg','1987-06-02 20:32:01','2020-11-23 09:13:05'),(14,14,'http://lorempixel.com/pictures/repellat.jpeg','2004-02-28 01:38:30','2020-11-23 09:13:05'),(15,15,'http://lorempixel.com/pictures/iusto.jpeg','1983-01-15 21:38:52','2020-11-23 09:13:05'),(16,16,'http://lorempixel.com/pictures/eum.jpeg','2016-02-02 22:07:42','2020-11-23 09:13:05'),(17,17,'http://lorempixel.com/pictures/saepe.jpeg','1971-06-26 09:24:39','2020-11-23 09:13:05'),(18,18,'http://lorempixel.com/pictures/ducimus.jpeg','1999-02-05 14:17:27','2020-11-23 09:13:05'),(19,19,'http://lorempixel.com/pictures/omnis.jpeg','1985-09-28 07:59:55','2020-11-23 09:13:05'),(20,20,'http://lorempixel.com/pictures/enim.jpeg','1979-02-02 21:54:59','2020-11-23 09:13:05'),(21,21,'http://lorempixel.com/pictures/voluptate.jpeg','1994-04-28 01:36:37','2020-11-23 09:13:05'),(22,22,'http://lorempixel.com/pictures/perferendis.jpeg','2013-08-04 16:27:41','2020-11-23 09:13:05'),(23,23,'http://lorempixel.com/pictures/quam.jpeg','2003-10-21 18:31:16','2020-11-23 09:13:05'),(24,24,'http://lorempixel.com/pictures/beatae.jpeg','2014-04-14 01:32:43','2020-11-23 09:13:05'),(25,25,'http://lorempixel.com/pictures/aut.jpeg','1979-10-02 10:58:18','2020-11-23 09:13:05'),(26,26,'http://lorempixel.com/pictures/alias.jpeg','1991-10-31 01:24:37','2020-11-23 09:13:05'),(27,27,'http://lorempixel.com/pictures/laudantium.jpeg','1991-08-20 08:32:23','2020-11-23 09:13:05'),(28,28,'http://lorempixel.com/pictures/inventore.jpeg','2003-12-08 23:47:07','2020-11-23 09:13:05'),(29,29,'http://lorempixel.com/pictures/dolores.jpeg','1976-05-14 09:51:38','2020-11-23 09:13:05'),(30,30,'http://lorempixel.com/pictures/vero.jpeg','1990-08-09 15:40:30','2020-11-23 09:13:05'),(31,31,'http://lorempixel.com/pictures/voluptas.jpeg','1976-09-08 20:24:09','2020-11-23 09:13:05'),(32,32,'http://lorempixel.com/pictures/dolores.jpeg','1985-11-26 19:41:54','2020-11-23 09:13:05'),(33,33,'http://lorempixel.com/pictures/porro.jpeg','1985-09-14 12:49:54','2020-11-23 09:13:05'),(34,34,'http://lorempixel.com/pictures/molestias.jpeg','2012-03-10 14:52:58','2020-11-23 09:13:05'),(35,35,'http://lorempixel.com/pictures/illum.jpeg','1988-10-25 04:39:34','2020-11-23 09:13:05'),(36,36,'http://lorempixel.com/pictures/ut.jpeg','1985-05-18 07:28:25','2020-11-23 09:13:05'),(37,37,'http://lorempixel.com/pictures/laudantium.jpeg','2007-12-10 21:46:23','2020-11-23 09:13:05'),(38,38,'http://lorempixel.com/pictures/exercitationem.jpeg','1991-03-01 14:39:08','2020-11-23 09:13:05'),(39,39,'http://lorempixel.com/pictures/consectetur.jpeg','2008-10-20 02:37:49','2020-11-23 09:13:05'),(40,40,'http://lorempixel.com/pictures/quis.jpeg','1974-06-11 17:05:52','2020-11-23 09:13:05'),(41,41,'http://lorempixel.com/pictures/quia.jpeg','2009-12-07 19:26:06','2020-11-23 09:13:05'),(42,42,'http://lorempixel.com/pictures/recusandae.jpeg','1986-09-10 13:36:27','2020-11-23 09:13:05'),(43,43,'http://lorempixel.com/pictures/saepe.jpeg','2017-07-17 13:03:27','2020-11-23 09:13:05'),(44,44,'http://lorempixel.com/pictures/perspiciatis.jpeg','2007-09-19 23:55:07','2020-11-23 09:13:05'),(45,45,'http://lorempixel.com/pictures/totam.jpeg','1984-05-09 17:46:17','2020-11-23 09:13:05'),(46,46,'http://lorempixel.com/pictures/eos.jpeg','2020-07-05 19:49:05','2020-11-23 09:13:05'),(47,47,'http://lorempixel.com/pictures/dolorem.jpeg','2006-07-14 00:02:09','2020-11-23 09:13:05'),(48,48,'http://lorempixel.com/pictures/hic.jpeg','2011-03-07 20:24:47','2020-11-23 09:13:05'),(49,49,'http://lorempixel.com/pictures/quasi.jpeg','2017-06-03 07:16:29','2020-11-23 09:13:05'),(50,50,'http://lorempixel.com/pictures/explicabo.jpeg','2012-12-13 01:39:53','2020-11-23 09:13:05'),(51,51,'http://lorempixel.com/pictures/consequatur.jpeg','1996-04-09 15:40:32','2020-11-23 09:13:05'),(52,52,'http://lorempixel.com/pictures/facilis.jpeg','2006-11-15 06:30:32','2020-11-23 09:13:05'),(53,53,'http://lorempixel.com/pictures/et.jpeg','2012-12-28 03:05:09','2020-11-23 09:13:05'),(54,54,'http://lorempixel.com/pictures/delectus.jpeg','2002-03-06 22:29:23','2020-11-23 09:13:05'),(55,55,'http://lorempixel.com/pictures/deserunt.jpeg','1983-07-16 01:15:26','2020-11-23 09:13:05'),(56,56,'http://lorempixel.com/pictures/earum.jpeg','2000-10-08 06:09:48','2020-11-23 09:13:05'),(57,57,'http://lorempixel.com/pictures/laboriosam.jpeg','2019-03-20 13:12:25','2020-11-23 09:13:05'),(58,58,'http://lorempixel.com/pictures/est.jpeg','1977-11-16 13:00:54','2020-11-23 09:13:05'),(59,59,'http://lorempixel.com/pictures/quisquam.jpeg','2008-07-28 10:18:35','2020-11-23 09:13:05'),(60,60,'http://lorempixel.com/pictures/ipsa.jpeg','2002-09-10 16:43:18','2020-11-23 09:13:05'),(61,61,'http://lorempixel.com/pictures/est.jpeg','2015-08-31 14:42:54','2020-11-23 09:13:05'),(62,62,'http://lorempixel.com/pictures/et.jpeg','1981-10-08 02:59:08','2020-11-23 09:13:05'),(63,63,'http://lorempixel.com/pictures/fugiat.jpeg','1981-06-05 17:32:45','2020-11-23 09:13:05'),(64,64,'http://lorempixel.com/pictures/voluptas.jpeg','1999-09-17 00:28:02','2020-11-23 09:13:05'),(65,65,'http://lorempixel.com/pictures/vel.jpeg','1974-11-20 13:59:19','2020-11-23 09:13:05'),(66,66,'http://lorempixel.com/pictures/totam.jpeg','1993-08-07 10:56:53','2020-11-23 09:13:05'),(67,67,'http://lorempixel.com/pictures/nulla.jpeg','2007-02-24 12:22:49','2020-11-23 09:13:05'),(68,68,'http://lorempixel.com/pictures/quidem.jpeg','1977-08-08 00:38:11','2020-11-23 09:13:05'),(69,69,'http://lorempixel.com/pictures/repudiandae.jpeg','1971-10-02 13:38:40','2020-11-23 09:13:05'),(70,70,'http://lorempixel.com/pictures/esse.jpeg','1992-05-28 14:29:36','2020-11-23 09:13:05'),(71,71,'http://lorempixel.com/pictures/animi.jpeg','1999-11-01 21:09:39','2020-11-23 09:13:05'),(72,72,'http://lorempixel.com/pictures/repellat.jpeg','2008-12-03 04:20:26','2020-11-23 09:13:05'),(73,73,'http://lorempixel.com/pictures/praesentium.jpeg','1983-02-27 05:50:19','2020-11-23 09:13:05'),(74,74,'http://lorempixel.com/pictures/ea.jpeg','2017-01-04 08:44:41','2020-11-23 09:13:05'),(75,75,'http://lorempixel.com/pictures/et.jpeg','1992-10-13 06:29:28','2020-11-23 09:13:05'),(76,76,'http://lorempixel.com/pictures/qui.jpeg','2006-11-08 04:38:25','2020-11-23 09:13:05'),(77,77,'http://lorempixel.com/pictures/aspernatur.jpeg','1990-05-23 09:31:45','2020-11-23 09:13:05'),(78,78,'http://lorempixel.com/pictures/vel.jpeg','1970-02-18 13:15:49','2020-11-23 09:13:05'),(79,79,'http://lorempixel.com/pictures/ipsum.jpeg','2015-07-31 02:29:38','2020-11-23 09:13:05'),(80,80,'http://lorempixel.com/pictures/in.jpeg','1985-06-15 22:35:46','2020-11-23 09:13:05'),(81,81,'http://lorempixel.com/pictures/recusandae.jpeg','1977-07-16 16:12:25','2020-11-23 09:13:05'),(82,82,'http://lorempixel.com/pictures/molestias.jpeg','1997-09-28 04:23:50','2020-11-23 09:13:05'),(83,83,'http://lorempixel.com/pictures/odit.jpeg','1974-01-11 14:33:35','2020-11-23 09:13:05'),(84,84,'http://lorempixel.com/pictures/sit.jpeg','1998-06-29 00:31:06','2020-11-23 09:13:05'),(85,85,'http://lorempixel.com/pictures/laboriosam.jpeg','1992-05-05 08:36:30','2020-11-23 09:13:05'),(86,86,'http://lorempixel.com/pictures/vel.jpeg','1983-04-16 01:57:53','2020-11-23 09:13:05'),(87,87,'http://lorempixel.com/pictures/totam.jpeg','1997-08-30 23:35:43','2020-11-23 09:13:05'),(88,88,'http://lorempixel.com/pictures/tempore.jpeg','1981-05-03 18:18:20','2020-11-23 09:13:05'),(89,89,'http://lorempixel.com/pictures/assumenda.jpeg','2018-08-02 18:33:28','2020-11-23 09:13:05'),(90,90,'http://lorempixel.com/pictures/nobis.jpeg','1972-08-19 22:41:08','2020-11-23 09:13:05'),(91,91,'http://lorempixel.com/pictures/vel.jpeg','2010-05-31 19:26:08','2020-11-23 09:13:05'),(92,92,'http://lorempixel.com/pictures/cumque.jpeg','1994-09-06 04:09:07','2020-11-23 09:13:05'),(93,93,'http://lorempixel.com/pictures/aut.jpeg','1994-12-24 01:59:01','2020-11-23 09:13:05'),(94,94,'http://lorempixel.com/pictures/pariatur.jpeg','2005-09-04 01:42:52','2020-11-23 09:13:05'),(95,95,'http://lorempixel.com/pictures/id.jpeg','1975-01-08 16:59:05','2020-11-23 09:13:05'),(96,96,'http://lorempixel.com/pictures/delectus.jpeg','2017-06-14 12:54:00','2020-11-23 09:13:05'),(97,97,'http://lorempixel.com/pictures/in.jpeg','2005-06-29 04:49:08','2020-11-23 09:13:05'),(98,98,'http://lorempixel.com/pictures/optio.jpeg','2010-11-02 20:15:02','2020-11-23 09:13:05'),(99,99,'http://lorempixel.com/pictures/est.jpeg','2008-07-26 13:32:10','2020-11-23 09:13:05'),(100,100,'http://lorempixel.com/pictures/quia.jpeg','2006-05-28 12:15:38','2020-11-23 09:13:05');
/*!40000 ALTER TABLE `pictures` ENABLE KEYS */;
UNLOCK TABLES;

--
-- Table structure for table `profiles`
--

DROP TABLE IF EXISTS `profiles`;
/*!40101 SET @saved_cs_client     = @@character_set_client */;
/*!50503 SET character_set_client = utf8mb4 */;
CREATE TABLE `profiles` (
  `id` int unsigned NOT NULL AUTO_INCREMENT,
  `user_id` int unsigned NOT NULL COMMENT 'Ссылка на пользователя',
  `name` varchar(150) CHARACTER SET utf8 COLLATE utf8_unicode_ci NOT NULL COMMENT 'Название профиля',
  `rating` enum('ALL','7+','13+','16+','18+') CHARACTER SET utf8 COLLATE utf8_unicode_ci NOT NULL DEFAULT '18+' COMMENT 'Рейтинг контента для пользователя',
  `kid` tinyint(1) NOT NULL DEFAULT '0' COMMENT 'Детский профиль',
  `language_id` int unsigned DEFAULT '1' COMMENT 'Язык',
  `created_at` datetime DEFAULT CURRENT_TIMESTAMP COMMENT 'Время создания строки',
  `updated_at` datetime DEFAULT CURRENT_TIMESTAMP ON UPDATE CURRENT_TIMESTAMP COMMENT 'Время обновления строки',
  PRIMARY KEY (`id`),
  KEY `profiles_user_id_fk` (`user_id`),
  KEY `profiles_language_id_fk` (`language_id`),
  KEY `profiles_name_idx` (`name`),
  CONSTRAINT `profiles_language_id_fk` FOREIGN KEY (`language_id`) REFERENCES `languages` (`id`) ON DELETE SET NULL,
  CONSTRAINT `profiles_user_id_fk` FOREIGN KEY (`user_id`) REFERENCES `users` (`id`) ON DELETE CASCADE
) ENGINE=InnoDB AUTO_INCREMENT=101 DEFAULT CHARSET=utf8 COLLATE=utf8_unicode_ci COMMENT='Таблица профилей пользователей';
/*!40101 SET character_set_client = @saved_cs_client */;

--
-- Dumping data for table `profiles`
--

LOCK TABLES `profiles` WRITE;
/*!40000 ALTER TABLE `profiles` DISABLE KEYS */;
INSERT INTO `profiles` VALUES (1,1,'quae','16+',0,2,'1990-02-06 05:21:33','2020-11-23 09:05:30'),(2,2,'pariatur','13+',0,3,'1984-12-21 14:55:59','2020-11-23 09:05:38'),(3,3,'ut','16+',0,1,'1985-08-22 04:06:01','2020-11-23 09:05:38'),(4,4,'quae','ALL',0,4,'1976-05-19 01:16:54','2002-11-30 15:20:09'),(5,5,'omnis','13+',0,8,'1991-06-20 22:05:45','2020-11-23 09:05:38'),(6,6,'rerum','16+',0,4,'1975-06-14 19:32:39','2020-11-23 09:05:38'),(7,7,'qui','13+',0,5,'1971-03-19 15:58:16','2020-11-23 09:05:30'),(8,8,'quo','16+',0,1,'2016-04-17 19:23:27','2020-11-23 09:05:38'),(9,9,'iusto','7+',0,7,'1974-06-04 19:10:59','2020-11-23 09:05:30'),(10,10,'qui','7+',0,1,'1997-05-31 18:07:09','2020-11-23 09:05:30'),(11,11,'dolorem','ALL',0,8,'2008-07-31 13:56:43','2020-11-23 09:05:30'),(12,12,'dolorem','7+',0,3,'2014-10-23 11:39:31','2020-11-23 09:05:30'),(13,13,'aut','16+',0,7,'2011-01-03 20:31:03','2020-11-23 09:05:38'),(14,14,'facilis','7+',0,3,'2007-06-27 18:32:27','2020-11-23 09:05:44'),(15,15,'commodi','16+',0,7,'1980-04-09 05:18:30','2020-11-23 09:05:38'),(16,16,'dolorum','13+',0,2,'2007-03-13 17:55:16','2020-11-23 09:05:30'),(17,17,'alias','7+',0,4,'1988-11-18 12:16:35','2020-11-23 09:05:30'),(18,18,'est','16+',0,5,'2005-03-17 02:04:58','2020-11-23 09:05:38'),(19,19,'dolorem','18+',0,4,'1985-12-08 00:20:05','2020-11-23 09:05:30'),(20,20,'et','18+',0,6,'2004-08-30 14:37:41','2020-11-23 09:05:38'),(21,21,'amet','18+',0,3,'2003-03-30 23:33:02','2020-11-23 09:05:30'),(22,22,'adipisci','7+',1,1,'2000-11-02 18:40:26','2020-11-23 09:05:30'),(23,23,'pariatur','7+',1,5,'1995-01-31 10:12:52','2020-11-23 09:05:44'),(24,24,'rem','7+',0,6,'1977-11-16 00:49:54','2020-11-23 09:05:30'),(25,25,'quo','18+',0,8,'1989-05-26 18:58:05','2020-11-23 09:05:30'),(26,26,'in','ALL',0,5,'2014-12-17 16:00:39','2020-11-23 09:05:44'),(27,27,'autem','13+',0,8,'2002-09-27 13:00:02','2020-11-23 09:05:30'),(28,28,'quasi','ALL',1,1,'2017-11-09 19:37:57','2020-11-23 09:05:44'),(29,29,'voluptatem','16+',0,5,'2018-05-09 13:22:35','2020-11-23 09:05:38'),(30,30,'mollitia','18+',0,7,'2013-08-10 20:25:01','2020-11-23 09:05:30'),(31,31,'non','13+',0,1,'2016-11-26 10:11:02','2020-11-23 09:05:30'),(32,32,'soluta','16+',0,2,'1971-10-22 05:37:44','2020-11-23 09:05:30'),(33,33,'autem','18+',0,4,'2014-01-21 20:07:30','2020-11-23 09:05:30'),(34,34,'tenetur','16+',0,7,'1990-10-24 17:00:38','2020-11-23 09:05:30'),(35,35,'autem','16+',0,8,'2003-02-05 07:55:14','2020-11-23 09:05:38'),(36,36,'et','ALL',1,8,'1975-08-31 04:32:14','2020-11-23 09:05:44'),(37,37,'ipsum','ALL',0,7,'1979-02-02 19:32:51','2020-11-23 09:05:30'),(38,38,'porro','13+',0,5,'1980-04-19 10:52:31','2020-11-23 09:05:30'),(39,39,'soluta','ALL',1,3,'2008-02-16 10:46:39','2020-11-23 09:05:44'),(40,40,'quod','7+',1,7,'1996-03-06 19:50:09','2020-11-23 09:05:30'),(41,41,'sequi','ALL',0,2,'1973-05-18 01:31:26','2020-11-23 09:05:30'),(42,42,'sequi','7+',1,3,'1991-04-25 04:09:02','2020-11-23 09:05:30'),(43,43,'debitis','16+',0,1,'1983-05-27 06:34:29','2020-11-23 09:05:38'),(44,44,'labore','16+',0,5,'2007-06-26 05:47:05','2020-11-23 09:05:30'),(45,45,'sapiente','16+',0,6,'1985-03-26 11:04:02','2020-11-23 09:05:30'),(46,46,'sit','16+',0,4,'2007-05-30 00:10:46','2020-11-23 09:05:30'),(47,47,'sunt','18+',0,4,'2004-07-21 19:01:47','2020-11-23 09:05:30'),(48,48,'veritatis','7+',0,6,'1980-08-21 09:47:04','2020-11-23 09:05:30'),(49,49,'consequatur','13+',0,8,'1984-05-16 06:48:59','2020-11-23 09:05:38'),(50,50,'laudantium','13+',0,8,'1995-05-09 11:10:48','2020-11-23 09:05:38'),(51,51,'et','18+',0,6,'2011-07-20 11:35:16','2020-11-23 09:05:38'),(52,52,'quidem','13+',0,6,'1986-02-02 01:10:35','2020-11-23 09:05:38'),(53,53,'similique','18+',0,5,'1978-10-25 20:00:17','2020-11-23 09:05:38'),(54,54,'nisi','13+',0,6,'1981-08-14 06:05:42','2020-11-23 09:05:46'),(55,55,'et','7+',1,7,'1993-09-05 03:26:53','2010-12-05 20:31:27'),(56,56,'eum','18+',0,7,'2005-05-17 02:42:32','2020-11-23 09:05:38'),(57,57,'iusto','18+',0,5,'2008-07-03 00:04:20','2020-11-23 09:05:30'),(58,58,'voluptas','16+',0,2,'1996-12-03 08:17:13','2020-11-23 09:05:46'),(59,59,'velit','13+',0,6,'1990-03-11 01:56:00','2020-11-23 09:05:38'),(60,60,'aut','7+',1,6,'1975-04-06 11:23:47','2020-11-23 09:05:30'),(61,61,'voluptatum','ALL',1,5,'1970-10-13 14:18:29','1973-01-07 08:13:04'),(62,62,'amet','ALL',1,6,'2013-08-15 19:03:44','2014-12-15 23:06:24'),(63,63,'perferendis','7+',0,5,'2013-07-10 07:09:14','2020-11-23 09:05:44'),(64,64,'et','7+',0,5,'2003-12-26 18:31:59','2020-11-23 09:05:30'),(65,65,'illum','ALL',1,5,'1985-02-17 18:55:59','2020-11-23 09:05:44'),(66,66,'sint','16+',0,8,'1983-09-15 05:19:40','2020-11-23 09:05:30'),(67,67,'debitis','7+',1,2,'1982-09-05 15:53:31','2020-11-23 09:05:30'),(68,68,'non','16+',0,1,'2012-06-13 14:53:34','2020-11-23 09:05:38'),(69,69,'est','7+',1,8,'1970-05-19 00:07:51','2020-11-23 09:05:44'),(70,70,'quis','16+',0,4,'1987-04-24 21:05:21','2020-11-23 09:05:30'),(71,71,'accusantium','ALL',1,3,'2005-12-21 01:33:44','2020-11-23 09:05:44'),(72,72,'quia','ALL',0,1,'2017-12-03 09:37:18','2020-11-23 09:05:30'),(73,73,'voluptatem','18+',0,5,'1991-08-31 00:27:57','2020-11-23 09:05:30'),(74,74,'asperiores','18+',0,5,'2016-01-30 02:23:16','2020-11-23 09:05:38'),(75,75,'officiis','16+',0,8,'2016-06-06 16:32:42','2020-11-23 09:05:30'),(76,76,'quae','ALL',0,1,'2019-12-28 11:17:05','2020-11-23 09:05:30'),(77,77,'sunt','16+',0,6,'1990-06-25 01:46:20','2020-11-23 09:05:30'),(78,78,'id','16+',0,3,'2011-08-05 14:55:04','2020-11-23 09:05:30'),(79,79,'laboriosam','13+',0,6,'1977-01-19 02:20:00','2020-11-23 09:05:38'),(80,80,'ipsam','13+',0,2,'2011-09-28 05:50:15','2020-11-23 09:05:30'),(81,81,'aut','13+',0,6,'1995-10-18 06:05:33','2020-11-23 09:05:30'),(82,82,'et','16+',0,2,'1973-01-21 20:32:46','2020-11-23 09:05:38'),(83,83,'corrupti','13+',0,5,'1995-11-21 02:57:16','2020-11-23 09:05:38'),(84,84,'odit','16+',0,5,'1993-06-02 23:12:53','2020-11-23 09:05:38'),(85,85,'eos','18+',0,2,'2000-09-28 18:54:17','2020-11-23 09:05:38'),(86,86,'voluptatum','18+',0,3,'2018-10-18 09:18:41','2020-11-23 09:05:38'),(87,87,'praesentium','7+',0,1,'1987-07-23 20:27:16','2020-11-23 09:05:30'),(88,88,'illum','7+',0,2,'1991-10-10 11:10:59','2020-11-23 09:05:30'),(89,89,'in','18+',0,5,'1976-06-16 16:00:01','2020-11-23 09:05:30'),(90,90,'sit','16+',0,3,'1976-05-05 02:55:20','2020-11-23 09:05:38'),(91,91,'quis','16+',0,6,'2006-04-08 02:44:56','2020-11-23 09:05:30'),(92,92,'exercitationem','7+',1,6,'1992-10-03 11:26:26','2020-11-23 09:05:44'),(93,93,'et','18+',0,4,'1979-10-24 17:27:30','2020-11-23 09:05:30'),(94,94,'quas','18+',0,2,'1994-01-16 21:44:21','2020-11-23 09:05:30'),(95,95,'voluptatem','16+',0,6,'1989-08-07 13:52:11','2020-11-23 09:05:30'),(96,96,'sunt','ALL',0,7,'1971-06-14 09:20:47','2020-11-23 09:05:30'),(97,97,'amet','7+',0,8,'2008-01-18 07:00:24','2020-11-23 09:05:30'),(98,98,'consequatur','13+',0,2,'1972-05-11 05:44:12','1990-01-10 11:25:46'),(99,99,'aliquam','13+',0,3,'1975-01-25 03:37:54','1979-03-09 14:46:49'),(100,100,'id','7+',1,1,'2018-05-01 01:51:07','2020-11-23 09:05:30');
/*!40000 ALTER TABLE `profiles` ENABLE KEYS */;
UNLOCK TABLES;

--
-- Table structure for table `top_content`
--

DROP TABLE IF EXISTS `top_content`;
/*!40101 SET @saved_cs_client     = @@character_set_client */;
/*!50503 SET character_set_client = utf8mb4 */;
CREATE TABLE `top_content` (
  `id` int unsigned NOT NULL AUTO_INCREMENT,
  `content_id` int unsigned DEFAULT NULL COMMENT 'Ссылка на контент',
  `country_id` int unsigned DEFAULT NULL COMMENT 'Ссылка на страну',
  `created_at` datetime DEFAULT CURRENT_TIMESTAMP COMMENT 'Время создания строки',
  `updated_at` datetime DEFAULT CURRENT_TIMESTAMP ON UPDATE CURRENT_TIMESTAMP COMMENT 'Время обновления строки',
  PRIMARY KEY (`id`),
  KEY `top_content_user_id_fk` (`content_id`),
  KEY `top_content_content_language_id_fk` (`country_id`),
  CONSTRAINT `top_content_content_language_id_fk` FOREIGN KEY (`country_id`) REFERENCES `countries` (`id`) ON DELETE SET NULL,
  CONSTRAINT `top_content_user_id_fk` FOREIGN KEY (`content_id`) REFERENCES `content` (`id`) ON DELETE SET NULL
) ENGINE=InnoDB AUTO_INCREMENT=11 DEFAULT CHARSET=utf8 COLLATE=utf8_unicode_ci COMMENT='Таблица рейтинга контента';
/*!40101 SET character_set_client = @saved_cs_client */;

--
-- Dumping data for table `top_content`
--

LOCK TABLES `top_content` WRITE;
/*!40000 ALTER TABLE `top_content` DISABLE KEYS */;
INSERT INTO `top_content` VALUES (1,32,17,'1996-05-27 02:27:36','2020-11-23 09:13:46'),(2,63,17,'1981-03-07 22:53:17','2020-11-23 09:13:46'),(3,17,17,'1983-09-11 12:30:30','2020-11-23 09:13:46'),(4,95,17,'1983-05-01 18:42:39','2020-11-23 09:13:46'),(5,23,17,'1986-04-06 08:53:56','2020-11-23 09:13:46'),(6,29,17,'2006-06-11 07:44:12','2020-11-23 09:13:46'),(7,77,17,'1981-12-26 01:40:16','2020-11-23 09:13:46'),(8,96,17,'1971-11-25 17:23:37','2020-11-23 09:13:46'),(9,51,17,'1994-01-10 08:35:57','2020-11-23 09:13:46'),(10,67,17,'1977-03-05 07:45:23','2020-11-23 09:13:46');
/*!40000 ALTER TABLE `top_content` ENABLE KEYS */;
UNLOCK TABLES;

--
-- Temporary view structure for view `top_movie`
--

DROP TABLE IF EXISTS `top_movie`;
/*!50001 DROP VIEW IF EXISTS `top_movie`*/;
SET @saved_cs_client     = @@character_set_client;
/*!50503 SET character_set_client = utf8mb4 */;
/*!50001 CREATE VIEW `top_movie` AS SELECT 
 1 AS `place`,
 1 AS `movie`,
 1 AS `genre`*/;
SET character_set_client = @saved_cs_client;

--
-- Table structure for table `trailers`
--

DROP TABLE IF EXISTS `trailers`;
/*!40101 SET @saved_cs_client     = @@character_set_client */;
/*!50503 SET character_set_client = utf8mb4 */;
CREATE TABLE `trailers` (
  `id` int unsigned NOT NULL AUTO_INCREMENT,
  `content_id` int unsigned DEFAULT NULL COMMENT 'Ссылка на контент',
  `trailer_path` varchar(255) CHARACTER SET utf8 COLLATE utf8_unicode_ci NOT NULL COMMENT 'Путь к трейлеру',
  `created_at` datetime DEFAULT CURRENT_TIMESTAMP COMMENT 'Время создания строки',
  `updated_at` datetime DEFAULT CURRENT_TIMESTAMP ON UPDATE CURRENT_TIMESTAMP COMMENT 'Время обновления строки',
  PRIMARY KEY (`id`),
  KEY `trailers_content_id_fk` (`content_id`),
  KEY `trailers_trailer_path_name_idx` (`trailer_path`),
  CONSTRAINT `trailers_content_id_fk` FOREIGN KEY (`content_id`) REFERENCES `content` (`id`) ON DELETE CASCADE
) ENGINE=InnoDB AUTO_INCREMENT=101 DEFAULT CHARSET=utf8 COLLATE=utf8_unicode_ci COMMENT='Таблица трейлеров';
/*!40101 SET character_set_client = @saved_cs_client */;

--
-- Dumping data for table `trailers`
--

LOCK TABLES `trailers` WRITE;
/*!40000 ALTER TABLE `trailers` DISABLE KEYS */;
INSERT INTO `trailers` VALUES (1,34,'http://lorempixel.com/traliers/sapiente.MP4','2008-05-31 02:13:03','2020-11-23 09:11:13'),(2,80,'http://lorempixel.com/traliers/corporis.MP4','2016-10-05 16:16:33','2020-11-23 09:11:13'),(3,65,'http://lorempixel.com/traliers/molestias.MP4','2018-07-05 06:06:18','2020-11-23 09:11:13'),(4,76,'http://lorempixel.com/traliers/enim.MP4','2012-12-10 14:51:47','2020-11-23 09:11:13'),(5,68,'http://lorempixel.com/traliers/ut.MP4','1995-07-17 17:24:45','2020-11-23 09:11:13'),(6,70,'http://lorempixel.com/traliers/ullam.MP4','1984-06-03 07:03:09','2020-11-23 09:11:13'),(7,2,'http://lorempixel.com/traliers/ipsam.MP4','1979-05-22 18:30:56','2020-11-23 09:11:13'),(8,65,'http://lorempixel.com/traliers/velit.MP4','1984-11-04 14:45:20','2020-11-23 09:11:13'),(9,72,'http://lorempixel.com/traliers/et.MP4','2012-11-29 20:23:58','2020-11-23 09:11:13'),(10,98,'http://lorempixel.com/traliers/qui.MP4','1971-08-20 20:28:35','2020-11-23 09:11:13'),(11,47,'http://lorempixel.com/traliers/esse.MP4','2017-04-09 08:09:43','2020-11-23 09:11:13'),(12,96,'http://lorempixel.com/traliers/et.MP4','1971-06-07 03:22:49','2020-11-23 09:11:13'),(13,75,'http://lorempixel.com/traliers/quis.MP4','2016-11-24 12:41:55','2020-11-23 09:11:13'),(14,74,'http://lorempixel.com/traliers/id.MP4','2017-08-11 21:31:15','2020-11-23 09:11:13'),(15,11,'http://lorempixel.com/traliers/odio.MP4','2019-06-05 12:27:40','2020-11-23 09:11:13'),(16,85,'http://lorempixel.com/traliers/tenetur.MP4','2016-02-14 21:23:56','2020-11-23 09:11:13'),(17,81,'http://lorempixel.com/traliers/earum.MP4','2012-09-19 02:18:37','2020-11-23 09:11:13'),(18,61,'http://lorempixel.com/traliers/possimus.MP4','1987-10-26 09:40:37','2020-11-23 09:11:13'),(19,27,'http://lorempixel.com/traliers/fuga.MP4','1988-02-02 12:41:42','2020-11-23 09:11:13'),(20,18,'http://lorempixel.com/traliers/ipsam.MP4','1997-05-05 09:32:40','2020-11-23 09:11:13'),(21,41,'http://lorempixel.com/traliers/velit.MP4','1999-05-27 12:55:03','2020-11-23 09:11:13'),(22,70,'http://lorempixel.com/traliers/illum.MP4','1989-11-28 23:03:58','2020-11-23 09:11:13'),(23,35,'http://lorempixel.com/traliers/possimus.MP4','2012-04-05 14:46:25','2020-11-23 09:11:13'),(24,59,'http://lorempixel.com/traliers/quibusdam.MP4','1981-02-01 05:00:41','2020-11-23 09:11:13'),(25,26,'http://lorempixel.com/traliers/voluptate.MP4','2006-02-23 04:45:41','2020-11-23 09:11:13'),(26,85,'http://lorempixel.com/traliers/consectetur.MP4','1984-11-03 02:20:13','2020-11-23 09:11:13'),(27,91,'http://lorempixel.com/traliers/nam.MP4','1996-10-05 09:11:36','2020-11-23 09:11:13'),(28,71,'http://lorempixel.com/traliers/voluptatem.MP4','1989-02-10 15:10:18','2020-11-23 09:11:13'),(29,5,'http://lorempixel.com/traliers/esse.MP4','2012-04-29 01:35:10','2020-11-23 09:11:13'),(30,36,'http://lorempixel.com/traliers/maxime.MP4','1980-02-28 23:18:26','2020-11-23 09:11:13'),(31,97,'http://lorempixel.com/traliers/velit.MP4','2002-10-07 11:05:35','2020-11-23 09:11:13'),(32,77,'http://lorempixel.com/traliers/eius.MP4','1978-03-05 13:58:42','2020-11-23 09:11:13'),(33,96,'http://lorempixel.com/traliers/nobis.MP4','1989-10-10 23:15:47','2020-11-23 09:11:13'),(34,32,'http://lorempixel.com/traliers/minus.MP4','1999-12-24 20:36:58','2020-11-23 09:11:13'),(35,61,'http://lorempixel.com/traliers/itaque.MP4','2017-02-17 01:08:19','2020-11-23 09:11:13'),(36,47,'http://lorempixel.com/traliers/labore.MP4','2004-05-07 09:05:28','2020-11-23 09:11:13'),(37,16,'http://lorempixel.com/traliers/deserunt.MP4','1992-05-20 00:50:48','2020-11-23 09:11:13'),(38,57,'http://lorempixel.com/traliers/facilis.MP4','1984-09-28 07:22:10','2020-11-23 09:11:13'),(39,6,'http://lorempixel.com/traliers/reprehenderit.MP4','1991-06-04 23:56:36','2020-11-23 09:11:13'),(40,26,'http://lorempixel.com/traliers/amet.MP4','1971-01-20 09:12:26','2020-11-23 09:11:13'),(41,64,'http://lorempixel.com/traliers/autem.MP4','2016-04-25 16:26:40','2020-11-23 09:11:13'),(42,7,'http://lorempixel.com/traliers/mollitia.MP4','1989-11-30 15:07:04','2020-11-23 09:11:13'),(43,26,'http://lorempixel.com/traliers/laudantium.MP4','1979-06-28 23:22:27','2020-11-23 09:11:13'),(44,78,'http://lorempixel.com/traliers/temporibus.MP4','2006-02-27 00:51:28','2020-11-23 09:11:13'),(45,64,'http://lorempixel.com/traliers/reprehenderit.MP4','2002-06-18 08:26:05','2020-11-23 09:11:13'),(46,37,'http://lorempixel.com/traliers/cumque.MP4','1972-12-10 17:51:32','2020-11-23 09:11:13'),(47,100,'http://lorempixel.com/traliers/magni.MP4','2002-04-12 20:21:04','2020-11-23 09:11:13'),(48,89,'http://lorempixel.com/traliers/perspiciatis.MP4','1981-01-27 11:13:20','2020-11-23 09:11:13'),(49,74,'http://lorempixel.com/traliers/hic.MP4','2004-04-13 05:33:59','2020-11-23 09:11:13'),(50,42,'http://lorempixel.com/traliers/inventore.MP4','1990-04-10 00:28:29','2020-11-23 09:11:13'),(51,33,'http://lorempixel.com/traliers/impedit.MP4','1971-12-16 19:29:45','2020-11-23 09:11:13'),(52,50,'http://lorempixel.com/traliers/nisi.MP4','1985-11-29 19:57:21','2020-11-23 09:11:13'),(53,14,'http://lorempixel.com/traliers/quos.MP4','2018-11-09 00:33:12','2020-11-23 09:11:13'),(54,93,'http://lorempixel.com/traliers/tempore.MP4','1990-12-25 18:23:21','2020-11-23 09:11:13'),(55,26,'http://lorempixel.com/traliers/quod.MP4','2007-04-12 02:04:41','2020-11-23 09:11:13'),(56,14,'http://lorempixel.com/traliers/deleniti.MP4','1991-11-06 19:49:58','2020-11-23 09:11:13'),(57,89,'http://lorempixel.com/traliers/omnis.MP4','2014-07-20 00:12:37','2020-11-23 09:11:13'),(58,89,'http://lorempixel.com/traliers/ut.MP4','1994-02-11 03:49:11','2020-11-23 09:11:13'),(59,39,'http://lorempixel.com/traliers/voluptatibus.MP4','2018-12-08 07:54:42','2020-11-23 09:11:13'),(60,61,'http://lorempixel.com/traliers/nesciunt.MP4','1997-06-28 08:42:23','2020-11-23 09:11:13'),(61,59,'http://lorempixel.com/traliers/voluptatem.MP4','2014-01-15 16:39:54','2020-11-23 09:11:13'),(62,43,'http://lorempixel.com/traliers/et.MP4','2000-02-22 01:46:02','2020-11-23 09:11:13'),(63,37,'http://lorempixel.com/traliers/perferendis.MP4','1991-05-15 23:33:43','2020-11-23 09:11:13'),(64,90,'http://lorempixel.com/traliers/qui.MP4','2019-04-29 04:00:45','2020-11-23 09:11:13'),(65,22,'http://lorempixel.com/traliers/officiis.MP4','1984-03-27 04:24:06','2020-11-23 09:11:13'),(66,100,'http://lorempixel.com/traliers/non.MP4','1995-12-20 12:20:33','2020-11-23 09:11:13'),(67,29,'http://lorempixel.com/traliers/molestiae.MP4','2016-07-24 07:19:57','2020-11-23 09:11:13'),(68,77,'http://lorempixel.com/traliers/debitis.MP4','2018-01-12 20:22:55','2020-11-23 09:11:13'),(69,86,'http://lorempixel.com/traliers/fuga.MP4','2005-11-10 08:38:37','2020-11-23 09:11:13'),(70,32,'http://lorempixel.com/traliers/vel.MP4','1970-08-12 22:09:27','2020-11-23 09:11:13'),(71,48,'http://lorempixel.com/traliers/nobis.MP4','2019-12-26 05:36:27','2020-11-23 09:11:13'),(72,70,'http://lorempixel.com/traliers/est.MP4','2000-06-20 12:49:12','2020-11-23 09:11:13'),(73,70,'http://lorempixel.com/traliers/ab.MP4','2006-05-01 09:10:11','2020-11-23 09:11:13'),(74,37,'http://lorempixel.com/traliers/suscipit.MP4','1993-11-26 02:49:04','2020-11-23 09:11:13'),(75,35,'http://lorempixel.com/traliers/amet.MP4','1980-06-04 10:48:36','2020-11-23 09:11:13'),(76,46,'http://lorempixel.com/traliers/blanditiis.MP4','1993-05-16 02:49:08','2020-11-23 09:11:13'),(77,15,'http://lorempixel.com/traliers/optio.MP4','1997-04-03 19:44:55','2020-11-23 09:11:13'),(78,5,'http://lorempixel.com/traliers/possimus.MP4','1981-06-05 13:37:08','2020-11-23 09:11:13'),(79,53,'http://lorempixel.com/traliers/ut.MP4','1987-06-28 05:06:29','2020-11-23 09:11:13'),(80,12,'http://lorempixel.com/traliers/aut.MP4','1991-01-03 01:19:33','2020-11-23 09:11:13'),(81,76,'http://lorempixel.com/traliers/ratione.MP4','1999-08-10 09:17:32','2020-11-23 09:11:13'),(82,91,'http://lorempixel.com/traliers/accusamus.MP4','1993-05-05 14:27:54','2020-11-23 09:11:13'),(83,7,'http://lorempixel.com/traliers/aut.MP4','1980-10-23 06:27:41','2020-11-23 09:11:13'),(84,56,'http://lorempixel.com/traliers/atque.MP4','1989-12-24 22:40:06','2020-11-23 09:11:13'),(85,19,'http://lorempixel.com/traliers/sint.MP4','1972-11-28 03:57:18','2020-11-23 09:11:13'),(86,36,'http://lorempixel.com/traliers/neque.MP4','1971-06-26 23:57:43','2020-11-23 09:11:13'),(87,35,'http://lorempixel.com/traliers/tenetur.MP4','1972-06-20 12:10:26','2020-11-23 09:11:13'),(88,94,'http://lorempixel.com/traliers/voluptatibus.MP4','1974-09-20 00:39:38','2020-11-23 09:11:13'),(89,62,'http://lorempixel.com/traliers/ut.MP4','2013-04-18 09:12:08','2020-11-23 09:11:13'),(90,22,'http://lorempixel.com/traliers/sit.MP4','1975-04-24 02:51:11','2020-11-23 09:11:13'),(91,92,'http://lorempixel.com/traliers/incidunt.MP4','1978-01-02 01:56:35','2020-11-23 09:11:13'),(92,2,'http://lorempixel.com/traliers/sed.MP4','1979-02-13 16:44:33','2020-11-23 09:11:13'),(93,46,'http://lorempixel.com/traliers/et.MP4','2010-01-01 23:18:22','2020-11-23 09:11:13'),(94,3,'http://lorempixel.com/traliers/omnis.MP4','1972-10-23 17:46:17','2020-11-23 09:11:13'),(95,57,'http://lorempixel.com/traliers/rerum.MP4','2017-11-29 12:48:19','2020-11-23 09:11:13'),(96,67,'http://lorempixel.com/traliers/atque.MP4','1993-02-26 10:29:03','2020-11-23 09:11:13'),(97,6,'http://lorempixel.com/traliers/illo.MP4','1974-08-30 09:25:27','2020-11-23 09:11:13'),(98,29,'http://lorempixel.com/traliers/accusamus.MP4','1977-05-05 22:12:11','2020-11-23 09:11:13'),(99,17,'http://lorempixel.com/traliers/tenetur.MP4','2007-10-15 04:04:23','2020-11-23 09:11:13'),(100,93,'http://lorempixel.com/traliers/eaque.MP4','1984-06-09 15:38:55','2020-11-23 09:11:13');
/*!40000 ALTER TABLE `trailers` ENABLE KEYS */;
UNLOCK TABLES;

--
-- Table structure for table `users`
--

DROP TABLE IF EXISTS `users`;
/*!40101 SET @saved_cs_client     = @@character_set_client */;
/*!50503 SET character_set_client = utf8mb4 */;
CREATE TABLE `users` (
  `id` int unsigned NOT NULL AUTO_INCREMENT,
  `email` varchar(100) CHARACTER SET utf8 COLLATE utf8_unicode_ci NOT NULL COMMENT 'Адрес электроной почты пользователя',
  `phone` varchar(100) CHARACTER SET utf8 COLLATE utf8_unicode_ci NOT NULL COMMENT 'Номер телефона пользователя',
  `country_id` int unsigned DEFAULT NULL COMMENT 'Страна проживания пользователя',
  `subscription` enum('Basic','Standart','Premium') CHARACTER SET utf8 COLLATE utf8_unicode_ci NOT NULL COMMENT 'Текущий вариант подписки пользователя',
  `ending_subscription` date NOT NULL COMMENT 'Дата окончания подписки',
  `created_at` datetime DEFAULT CURRENT_TIMESTAMP COMMENT 'Время создания строки',
  `updated_at` datetime DEFAULT CURRENT_TIMESTAMP ON UPDATE CURRENT_TIMESTAMP COMMENT 'Время обновления строки',
  PRIMARY KEY (`id`),
  UNIQUE KEY `email` (`email`),
  UNIQUE KEY `phone` (`phone`),
  KEY `users_country_id_fk` (`country_id`),
  KEY `users_ending_subscription_idx` (`ending_subscription`),
  CONSTRAINT `users_country_id_fk` FOREIGN KEY (`country_id`) REFERENCES `countries` (`id`) ON DELETE SET NULL
) ENGINE=InnoDB AUTO_INCREMENT=101 DEFAULT CHARSET=utf8 COLLATE=utf8_unicode_ci COMMENT='Таблица аккаунтов пользователей';
/*!40101 SET character_set_client = @saved_cs_client */;

--
-- Dumping data for table `users`
--

LOCK TABLES `users` WRITE;
/*!40000 ALTER TABLE `users` DISABLE KEYS */;
INSERT INTO `users` VALUES (1,'everardo65@example.com','1-263-633-4826',12,'Standart','2021-08-02','1971-10-07 04:29:52','2020-11-23 09:04:28'),(2,'marcia70@example.org','1-237-444-7787x0542',41,'Standart','2021-06-12','2002-11-15 12:37:40','2020-11-23 09:04:28'),(3,'trantow.dangelo@example.com','1-877-722-9623x15304',15,'Standart','2021-07-30','2010-03-09 23:10:50','2020-11-23 09:04:28'),(4,'newton.considine@example.com','+70(1)2056811802',4,'Basic','2021-08-27','2018-12-23 07:05:59','2020-11-23 09:04:28'),(5,'river10@example.net','908.517.1291x650',23,'Basic','2021-08-22','1987-11-28 12:34:14','2020-11-23 09:04:28'),(6,'therese07@example.net','(581)336-7032x85700',1,'Basic','2021-05-06','2004-07-18 05:06:16','2020-11-23 09:04:28'),(7,'ngibson@example.org','+33(7)0663375605',37,'Premium','2020-11-27','2015-03-06 09:31:26','2020-11-23 09:04:27'),(8,'yconroy@example.net','833-045-1223x6689',32,'Basic','2021-08-07','2004-05-10 14:13:44','2020-11-23 09:04:28'),(9,'tjohnston@example.com','1-043-994-8266x551',47,'Standart','2021-05-21','2018-12-20 22:06:18','2020-11-23 09:04:28'),(10,'brekke.myrtice@example.net','+94(1)3393626304',41,'Standart','2021-03-25','1997-07-25 22:06:33','2020-11-23 09:04:28'),(11,'nhudson@example.com','(122)784-1202',10,'Standart','2021-02-04','1985-09-03 17:33:07','2020-11-23 09:04:28'),(12,'alexandra43@example.org','1-752-056-5706x686',30,'Basic','2021-11-20','1978-09-08 14:50:04','2020-11-23 09:04:28'),(13,'marcella.wyman@example.net','235-458-2720x84728',19,'Premium','2021-04-05','2011-07-03 23:16:14','2020-11-23 09:04:28'),(14,'schulist.jaleel@example.org','699-632-5778x71811',5,'Basic','2021-09-28','1981-01-12 15:01:54','2020-11-23 09:04:28'),(15,'lmarquardt@example.net','636.258.6925x475',16,'Basic','2021-01-10','2001-03-06 08:17:30','2020-11-23 09:04:28'),(16,'mcclure.isai@example.org','(122)312-4039x1008',14,'Standart','2021-01-07','1999-06-11 10:16:09','2020-11-23 09:04:28'),(17,'bkerluke@example.net','01966585609',21,'Standart','2021-02-12','1976-08-03 00:37:45','2020-11-23 09:04:28'),(18,'madie86@example.com','1-749-215-3921x269',13,'Basic','2021-08-17','2019-04-29 19:14:28','2020-11-23 09:04:28'),(19,'joannie18@example.org','593-924-2363x769',1,'Basic','2021-11-21','2013-10-08 21:15:20','2020-11-23 09:04:28'),(20,'nadia.turcotte@example.net','890.697.5333',15,'Basic','2021-09-02','1996-11-19 07:26:13','2020-11-23 09:04:28'),(21,'mckenzie38@example.org','464.536.1237x78755',22,'Basic','2021-10-16','1981-06-13 15:17:17','2020-11-23 09:04:28'),(22,'cblock@example.net','111.757.0277x84024',13,'Premium','2021-01-18','1992-07-30 03:53:58','2020-11-23 09:04:28'),(23,'gorczany.maddison@example.org','06472722333',1,'Standart','2020-12-20','2006-10-02 17:56:13','2020-11-23 09:04:28'),(24,'orie.aufderhar@example.net','931-442-7654x04254',13,'Standart','2021-10-20','1998-10-23 04:35:08','2020-11-23 09:04:28'),(25,'elizabeth.paucek@example.net','1-177-264-6312',12,'Premium','2021-03-18','1987-12-24 05:34:33','2020-11-23 09:04:28'),(26,'qbergnaum@example.com','743.095.9030',20,'Basic','2021-09-30','2003-03-19 12:03:17','2020-11-23 09:04:28'),(27,'layla.schamberger@example.net','1-363-644-7077',13,'Standart','2021-03-16','2015-01-07 03:21:26','2020-11-23 09:04:28'),(28,'wmorar@example.org','+97(9)8954843260',4,'Standart','2021-11-22','1986-05-06 04:58:36','2020-11-23 09:04:28'),(29,'davis.gerard@example.org','1-496-761-4229x3093',33,'Basic','2020-12-14','1988-11-02 03:27:36','2020-11-23 09:04:28'),(30,'ecorkery@example.org','359.143.6858x98814',50,'Premium','2021-03-08','1982-12-10 23:10:33','2020-11-23 09:04:28'),(31,'brianne20@example.com','367-680-3274',50,'Basic','2021-02-27','2003-01-08 04:29:42','2020-11-23 09:04:28'),(32,'abatz@example.net','274-553-8640x411',50,'Premium','2021-05-06','2017-10-10 19:29:38','2020-11-23 09:04:28'),(33,'amie37@example.net','1-410-818-5865x65612',1,'Basic','2021-05-09','2007-11-11 11:26:58','2020-11-23 09:04:28'),(34,'pcartwright@example.net','+83(3)2329395537',5,'Basic','2021-11-03','2002-03-17 13:14:28','2020-11-23 09:04:28'),(35,'trantow.donnell@example.org','446-290-6345x998',20,'Premium','2021-03-30','1984-11-20 07:34:21','2020-11-23 09:04:28'),(36,'taya.robel@example.org','741.234.4073',35,'Premium','2021-10-19','1985-04-23 13:42:04','2020-11-23 09:04:28'),(37,'zackery.conroy@example.org','(391)044-5684',14,'Basic','2021-05-16','1983-07-05 17:18:17','2020-11-23 09:04:28'),(38,'trace89@example.org','037.623.1775',13,'Basic','2021-07-24','1970-04-01 05:31:39','2020-11-23 09:04:28'),(39,'eswift@example.org','342-612-6369x310',24,'Basic','2021-10-18','2008-04-10 15:28:44','2020-11-23 09:04:28'),(40,'hcruickshank@example.com','647-960-8483x709',28,'Basic','2021-05-29','2005-10-25 07:33:00','2020-11-23 09:04:28'),(41,'noel76@example.org','136.556.8074',21,'Premium','2021-09-29','2014-10-06 17:15:28','2020-11-23 09:04:28'),(42,'vmorar@example.org','1-569-477-7834',19,'Basic','2021-08-10','2002-05-22 08:16:57','2020-11-23 09:04:28'),(43,'jayde.hayes@example.net','076.584.7797x47291',32,'Premium','2020-11-26','1970-10-18 05:05:06','2020-11-23 09:04:28'),(44,'jerde.theresia@example.com','881.093.9787',3,'Premium','2021-10-21','2004-09-23 08:10:57','2020-11-23 09:04:28'),(45,'ahaag@example.org','1-008-766-5554x953',20,'Premium','2021-05-31','1987-09-09 12:38:37','2020-11-23 09:04:28'),(46,'aylin.lindgren@example.net','1-329-673-5519x6814',39,'Basic','2021-10-04','1991-02-21 05:52:04','2020-11-23 09:04:28'),(47,'vinnie.hagenes@example.org','(837)657-3835x80202',35,'Basic','2021-08-26','2017-09-18 06:59:42','2020-11-23 09:04:28'),(48,'udenesik@example.com','678-162-8586x37616',8,'Premium','2021-02-02','2020-06-06 08:47:36','2020-11-23 09:04:28'),(49,'trantow.sasha@example.com','(245)134-4264x60589',35,'Premium','2021-08-04','1988-06-12 03:36:40','2020-11-23 09:04:28'),(50,'vicky.hermann@example.com','+12(7)0603569949',49,'Basic','2021-10-16','2016-05-11 23:36:04','2020-11-23 09:04:28'),(51,'ismael80@example.com','+72(0)8649767504',40,'Standart','2021-04-17','1989-04-06 00:46:43','2020-11-23 09:04:28'),(52,'cali10@example.com','1-248-574-1215',4,'Premium','2021-03-08','1992-10-26 13:31:24','2020-11-23 09:04:28'),(53,'treutel.marjory@example.net','(273)244-1362x93408',50,'Premium','2021-02-24','2004-09-21 20:33:51','2020-11-23 09:04:28'),(54,'tianna80@example.org','(405)952-2834x4824',36,'Premium','2021-04-19','2016-11-07 03:01:14','2020-11-23 09:04:28'),(55,'oondricka@example.com','+88(2)3129447158',31,'Premium','2021-02-21','1997-12-26 04:55:10','2020-11-23 09:04:28'),(56,'edd66@example.net','237.357.5980x9084',44,'Basic','2020-11-30','2013-07-01 18:56:32','2020-11-23 09:04:28'),(57,'kling.jessy@example.org','+14(1)0254271693',29,'Premium','2021-04-04','1999-07-05 17:37:17','2020-11-23 09:04:28'),(58,'reed94@example.net','01008215839',10,'Premium','2021-08-24','1987-03-14 02:16:08','2020-11-23 09:04:28'),(59,'vandervort.ivory@example.org','(769)774-4017',15,'Premium','2021-07-24','2004-06-22 14:41:59','2020-11-23 09:04:28'),(60,'lelia.hammes@example.com','1-523-714-8416x51461',43,'Basic','2020-12-21','1985-03-24 01:16:16','2020-11-23 09:04:28'),(61,'brittany33@example.net','1-925-762-1451x360',21,'Basic','2021-04-11','2009-03-22 06:19:02','2020-11-23 09:04:28'),(62,'sframi@example.net','(401)453-1716x6868',26,'Standart','2021-07-25','1982-11-21 05:47:55','2020-11-23 09:04:28'),(63,'esther60@example.com','843.789.2734x041',16,'Standart','2021-02-06','2013-12-17 17:11:08','2020-11-23 09:04:28'),(64,'deborah16@example.net','1-989-362-0107',1,'Premium','2020-12-01','2005-03-18 14:05:51','2020-11-23 09:04:28'),(65,'nathan43@example.com','478-390-9030',9,'Basic','2021-05-22','1973-11-28 11:53:20','2020-11-23 09:04:28'),(66,'jennie.rohan@example.net','114.512.7409x327',38,'Premium','2021-04-16','2006-11-02 05:05:13','2020-11-23 09:04:28'),(67,'wade.friesen@example.org','1-006-222-5183x1069',14,'Standart','2021-05-22','1978-10-27 17:35:38','2020-11-23 09:04:28'),(68,'lilly.rice@example.net','367-976-8834x6370',4,'Premium','2021-03-07','1987-07-27 19:14:13','2020-11-23 09:04:28'),(69,'rogers10@example.org','08655547941',30,'Basic','2021-11-02','1993-05-05 17:07:38','2020-11-23 09:04:28'),(70,'lesch.una@example.com','705.141.3956',35,'Premium','2021-10-01','2014-01-24 19:13:22','2020-11-23 09:04:28'),(71,'hhills@example.org','09312942275',35,'Premium','2021-05-05','2017-05-27 06:13:35','2020-11-23 09:04:28'),(72,'zkub@example.com','510-274-4720',18,'Standart','2021-07-22','1993-02-03 18:05:21','2020-11-23 09:04:28'),(73,'abdullah49@example.net','+72(9)9721429535',36,'Basic','2021-11-12','1980-09-30 21:27:10','2020-11-23 09:04:28'),(74,'kankunding@example.com','019.715.3414',23,'Basic','2021-10-05','2008-09-24 04:16:51','2020-11-23 09:04:28'),(75,'jacky.streich@example.com','(752)599-1070',10,'Standart','2021-04-23','2000-08-13 15:56:56','2020-11-23 09:04:28'),(76,'klocko.aylin@example.net','1-022-856-7282x31218',30,'Premium','2021-05-14','1993-12-10 06:11:55','2020-11-23 09:04:28'),(77,'kara53@example.net','1-995-071-6251x320',20,'Basic','2021-01-04','1974-03-21 19:07:47','2020-11-23 09:04:28'),(78,'howard.heidenreich@example.org','(910)635-8121',10,'Premium','2021-01-21','1986-09-24 14:19:55','2020-11-23 09:04:27'),(79,'walter.fiona@example.net','03709187576',38,'Premium','2021-05-09','1983-01-11 09:28:51','2020-11-23 09:04:28'),(80,'bkohler@example.net','431-642-9846x96272',9,'Basic','2021-09-14','1995-04-28 19:55:45','2020-11-23 09:04:28'),(81,'gaston.boehm@example.com','414.634.8219',33,'Basic','2021-07-24','1981-05-14 03:48:34','2020-11-23 09:04:28'),(82,'leffler.waylon@example.net','138.408.4574x395',35,'Premium','2021-10-17','1995-08-01 08:15:03','2020-11-23 09:04:28'),(83,'aschamberger@example.com','(847)592-5220',27,'Premium','2021-05-24','1981-12-25 22:21:09','2020-11-23 09:04:28'),(84,'mcruickshank@example.com','453.634.4078',31,'Premium','2021-09-09','2004-08-21 10:18:16','2020-11-23 09:04:28'),(85,'bernadine.thompson@example.org','1-183-233-5896x48958',20,'Standart','2021-05-16','1977-09-26 13:50:18','2020-11-23 09:04:28'),(86,'brekke.emely@example.org','(939)196-6291x41446',9,'Standart','2021-11-21','1980-03-04 17:03:14','2020-11-23 09:04:28'),(87,'vincenza.skiles@example.net','(518)888-1467x5748',34,'Standart','2021-06-09','1986-11-12 23:16:45','2020-11-23 09:04:28'),(88,'vbailey@example.com','110.697.7592',40,'Standart','2021-08-16','1988-12-16 20:24:32','2020-11-23 09:04:28'),(89,'tbotsford@example.net','1-997-082-2610',1,'Premium','2020-11-27','1980-02-04 04:18:53','2020-11-23 09:04:28'),(90,'emmerich.geovany@example.net','108-747-7937',33,'Premium','2021-10-04','1975-12-23 11:15:36','2020-11-23 09:04:28'),(91,'ygibson@example.com','1-144-644-0921x84875',10,'Standart','2021-03-09','1970-06-17 06:34:22','2020-11-23 09:04:28'),(92,'nmckenzie@example.net','1-740-624-6733x96313',3,'Premium','2021-10-03','1971-10-06 15:32:35','2020-11-23 09:04:28'),(93,'wilderman.hanna@example.com','1-983-805-5247',34,'Basic','2021-04-27','1995-10-29 00:22:56','2020-11-23 09:04:28'),(94,'callie52@example.org','723.203.9588',10,'Basic','2021-06-10','2000-07-28 17:21:59','2020-11-23 09:04:28'),(95,'jeremie80@example.net','(750)540-7418x18438',49,'Standart','2021-05-04','2002-09-20 20:09:46','2020-11-23 09:04:28'),(96,'veum.dorris@example.org','1-815-215-4254',15,'Premium','2021-06-24','1982-11-28 02:10:22','2020-11-23 09:04:28'),(97,'lynch.rozella@example.org','+87(3)9045099116',28,'Basic','2021-06-27','2008-03-21 08:08:22','2020-11-23 09:04:28'),(98,'ryan.jordon@example.com','(863)471-2343',42,'Standart','2021-02-05','2020-01-23 15:11:53','2020-11-23 09:04:28'),(99,'chelsey.hammes@example.org','(185)174-7228',27,'Premium','2021-02-19','2002-06-06 14:10:32','2020-11-23 09:04:28'),(100,'faustino29@example.net','04104419062',9,'Basic','2021-06-26','1971-05-29 00:39:52','2020-11-23 09:04:28');
/*!40000 ALTER TABLE `users` ENABLE KEYS */;
UNLOCK TABLES;

--
-- Table structure for table `watched_content`
--

DROP TABLE IF EXISTS `watched_content`;
/*!40101 SET @saved_cs_client     = @@character_set_client */;
/*!50503 SET character_set_client = utf8mb4 */;
CREATE TABLE `watched_content` (
  `user_id` int unsigned NOT NULL COMMENT 'Ссылка на пользователя',
  `content_id` int unsigned NOT NULL COMMENT 'Ссылка на контент',
  `created_at` datetime DEFAULT CURRENT_TIMESTAMP COMMENT 'Время создания строки',
  `updated_at` datetime DEFAULT CURRENT_TIMESTAMP ON UPDATE CURRENT_TIMESTAMP COMMENT 'Время обновления строки',
  PRIMARY KEY (`user_id`,`content_id`) COMMENT 'Составной первичный ключ',
  KEY `watched_content_content_id_id_fk` (`content_id`),
  CONSTRAINT `watched_content_content_id_id_fk` FOREIGN KEY (`content_id`) REFERENCES `content` (`id`) ON DELETE CASCADE,
  CONSTRAINT `watched_content_user_id_fk` FOREIGN KEY (`user_id`) REFERENCES `users` (`id`) ON DELETE CASCADE
) ENGINE=InnoDB DEFAULT CHARSET=utf8 COLLATE=utf8_unicode_ci COMMENT='Таблица просмотренного контента';
/*!40101 SET character_set_client = @saved_cs_client */;

--
-- Dumping data for table `watched_content`
--

LOCK TABLES `watched_content` WRITE;
/*!40000 ALTER TABLE `watched_content` DISABLE KEYS */;
INSERT INTO `watched_content` VALUES (1,13,'1970-10-06 02:53:16','2020-11-23 09:13:28'),(3,76,'1981-04-06 14:44:18','2020-11-23 09:13:28'),(5,41,'2012-02-22 21:02:05','2020-11-23 09:13:28'),(6,75,'2011-03-04 14:56:40','2020-11-23 09:13:28'),(8,54,'2001-12-12 22:00:29','2020-11-23 09:13:28'),(9,36,'1972-02-24 02:59:15','2020-11-23 09:13:28'),(9,44,'2004-02-06 03:08:46','2020-11-23 09:13:28'),(9,49,'1984-09-02 09:04:22','2020-11-23 09:13:28'),(9,56,'2017-07-06 23:14:15','2020-11-23 09:13:28'),(9,77,'1999-10-11 23:20:53','2020-11-23 09:13:28'),(10,48,'1990-03-29 07:01:42','2020-11-23 09:13:26'),(12,9,'2013-03-06 05:12:36','2020-11-23 09:13:28'),(12,30,'1981-11-01 10:55:36','2020-11-23 09:13:28'),(12,52,'2010-08-09 02:01:17','2020-11-23 09:13:28'),(13,33,'1978-02-25 17:37:42','2020-11-23 09:13:28'),(15,9,'1986-02-06 16:07:46','2020-11-23 09:13:28'),(15,47,'2008-10-27 23:17:40','2020-11-23 09:13:28'),(17,8,'2011-05-07 17:53:23','2020-11-23 09:13:28'),(18,54,'1984-07-15 19:25:34','2020-11-23 09:13:28'),(18,95,'1997-07-06 13:45:25','2020-11-23 09:13:28'),(19,49,'1980-12-01 10:01:17','2020-11-23 09:13:28'),(19,82,'1978-08-30 12:28:40','2020-11-23 09:13:28'),(19,96,'2012-03-21 19:48:05','2020-11-23 09:13:28'),(20,36,'2001-07-10 01:45:21','2020-11-23 09:13:28'),(21,90,'2019-10-01 09:12:10','2020-11-23 09:13:28'),(25,43,'1998-09-04 08:55:12','2020-11-23 09:13:28'),(26,42,'2014-04-01 14:17:19','2020-11-23 09:13:28'),(26,83,'1985-01-13 01:12:46','2020-11-23 09:13:28'),(26,88,'1994-11-26 07:39:56','2020-11-23 09:13:28'),(27,90,'1995-02-04 19:16:08','2020-11-23 09:13:28'),(30,85,'1975-12-20 07:13:07','2020-11-23 09:13:28'),(31,16,'2007-05-22 06:18:59','2020-11-23 09:13:28'),(31,17,'1988-09-17 03:22:07','2020-11-23 09:13:28'),(31,54,'1988-12-02 11:53:38','2020-11-23 09:13:26'),(33,35,'2001-09-06 16:47:26','2020-11-23 09:13:28'),(36,9,'1989-04-04 04:18:43','2020-11-23 09:13:28'),(36,23,'1975-05-22 07:34:38','2020-11-23 09:13:28'),(37,47,'1978-01-07 00:46:11','2020-11-23 09:13:28'),(37,75,'2002-06-21 13:08:06','2020-11-23 09:13:28'),(38,9,'2020-02-25 05:16:10','2020-11-23 09:13:28'),(39,4,'2015-03-04 04:27:24','2020-11-23 09:13:28'),(40,95,'2002-09-20 08:31:44','2020-11-23 09:13:28'),(42,61,'1974-10-17 03:56:10','2020-11-23 09:13:28'),(45,20,'1984-01-15 10:28:03','2020-11-23 09:13:28'),(47,16,'2005-10-02 06:08:29','2020-11-23 09:13:28'),(47,18,'2014-10-21 04:49:59','2020-11-23 09:13:28'),(48,42,'2016-10-05 19:28:12','2020-11-23 09:13:28'),(49,45,'1977-05-13 19:00:50','2020-11-23 09:13:28'),(49,54,'2015-03-10 07:50:21','2020-11-23 09:13:28'),(49,61,'1983-11-06 03:46:00','2020-11-23 09:13:28'),(49,64,'2009-03-07 05:27:17','2020-11-23 09:13:28'),(49,69,'1983-05-30 09:24:29','2020-11-23 09:13:28'),(51,11,'1971-11-20 04:54:13','2020-11-23 09:13:28'),(53,62,'1999-03-11 13:37:22','2020-11-23 09:13:28'),(54,78,'2013-04-25 18:04:15','2020-11-23 09:13:28'),(55,4,'2016-08-01 18:56:19','2020-11-23 09:13:28'),(62,87,'2017-01-17 19:27:50','2020-11-23 09:13:28'),(63,17,'1997-06-07 21:13:35','2020-11-23 09:13:28'),(63,19,'1997-02-12 19:10:13','2020-11-23 09:13:28'),(63,35,'1993-01-05 05:31:10','2020-11-23 09:13:28'),(67,45,'1988-01-13 08:00:24','2020-11-23 09:13:28'),(67,79,'2018-07-24 07:29:29','2020-11-23 09:13:28'),(67,87,'2012-03-20 08:28:03','2020-11-23 09:13:28'),(68,1,'2001-04-02 11:07:47','2020-11-23 09:13:28'),(69,8,'2012-03-24 06:51:42','2020-11-23 09:13:28'),(69,11,'2011-04-19 16:12:12','2020-11-23 09:13:28'),(69,42,'2002-02-01 14:37:46','2020-11-23 09:13:28'),(72,32,'1979-09-13 15:59:19','2020-11-23 09:13:28'),(73,24,'1977-12-22 01:40:15','2020-11-23 09:13:28'),(73,27,'2017-09-20 20:05:44','2020-11-23 09:13:28'),(74,27,'1971-03-11 05:16:46','2020-11-23 09:13:28'),(74,62,'1987-11-07 16:53:14','2020-11-23 09:13:28'),(76,51,'1987-01-27 22:59:00','2020-11-23 09:13:28'),(77,73,'1993-11-21 14:55:32','2020-11-23 09:13:28'),(78,12,'2000-02-16 12:14:01','2020-11-23 09:13:28'),(81,40,'1971-01-19 09:04:51','2020-11-23 09:13:28'),(82,64,'2019-04-21 11:46:01','2020-11-23 09:13:26'),(83,1,'1985-08-24 03:56:42','2020-11-23 09:13:28'),(84,11,'2016-10-02 00:58:43','2020-11-23 09:13:28'),(85,17,'1999-01-17 01:28:37','2020-11-23 09:13:28'),(85,50,'2005-11-23 12:29:28','2020-11-23 09:13:28'),(86,30,'1979-05-02 13:01:23','2020-11-23 09:13:28'),(86,37,'1993-03-12 08:34:06','2020-11-23 09:13:28'),(87,16,'2014-01-21 07:24:17','2020-11-23 09:13:28'),(87,41,'1993-05-06 14:34:50','2020-11-23 09:13:28'),(88,19,'2016-02-23 18:16:53','2020-11-23 09:13:28'),(88,20,'2006-03-26 00:50:25','2020-11-23 09:13:28'),(88,36,'2010-10-28 14:05:07','2020-11-23 09:13:28'),(88,53,'2006-08-05 00:47:45','2020-11-23 09:13:28'),(90,91,'2016-11-28 11:35:46','2020-11-23 09:13:28'),(91,98,'2005-09-11 00:41:30','2020-11-23 09:13:28'),(92,14,'2013-01-12 17:01:53','2020-11-23 09:13:28'),(92,74,'1978-09-18 07:56:50','2020-11-23 09:13:28'),(93,28,'2009-08-11 10:49:52','2020-11-23 09:13:28'),(93,30,'2015-01-14 10:33:57','2020-11-23 09:13:28'),(95,50,'1999-12-12 09:12:12','2020-11-23 09:13:28'),(96,63,'2005-03-29 19:05:07','2020-11-23 09:13:28'),(98,32,'2006-02-12 02:44:26','2020-11-23 09:13:28'),(98,64,'1971-08-11 19:09:05','2020-11-23 09:13:28'),(99,65,'1971-05-27 05:38:40','2020-11-23 09:13:28');
/*!40000 ALTER TABLE `watched_content` ENABLE KEYS */;
UNLOCK TABLES;

--
-- Final view structure for view `kid_watched_content`
--

/*!50001 DROP VIEW IF EXISTS `kid_watched_content`*/;
/*!50001 SET @saved_cs_client          = @@character_set_client */;
/*!50001 SET @saved_cs_results         = @@character_set_results */;
/*!50001 SET @saved_col_connection     = @@collation_connection */;
/*!50001 SET character_set_client      = utf8mb4 */;
/*!50001 SET character_set_results     = utf8mb4 */;
/*!50001 SET collation_connection      = utf8mb4_0900_ai_ci */;
/*!50001 CREATE ALGORITHM=UNDEFINED */
/*!50013 DEFINER=`root`@`localhost` SQL SECURITY DEFINER */
/*!50001 VIEW `kid_watched_content` AS select `users`.`id` AS `id`,`profiles`.`name` AS `user`,`users`.`email` AS `email`,`content`.`name` AS `video`,`content`.`rating` AS `rating` from (((`profiles` left join `users` on((`profiles`.`user_id` = `users`.`id`))) join `watched_content` on((`profiles`.`user_id` = `watched_content`.`user_id`))) left join `content` on((`content`.`id` = `watched_content`.`content_id`))) where (`profiles`.`kid` = 1) */;
/*!50001 SET character_set_client      = @saved_cs_client */;
/*!50001 SET character_set_results     = @saved_cs_results */;
/*!50001 SET collation_connection      = @saved_col_connection */;

--
-- Final view structure for view `top_movie`
--

/*!50001 DROP VIEW IF EXISTS `top_movie`*/;
/*!50001 SET @saved_cs_client          = @@character_set_client */;
/*!50001 SET @saved_cs_results         = @@character_set_results */;
/*!50001 SET @saved_col_connection     = @@collation_connection */;
/*!50001 SET character_set_client      = utf8mb4 */;
/*!50001 SET character_set_results     = utf8mb4 */;
/*!50001 SET collation_connection      = utf8mb4_0900_ai_ci */;
/*!50001 CREATE ALGORITHM=UNDEFINED */
/*!50013 DEFINER=`root`@`localhost` SQL SECURITY DEFINER */
/*!50001 VIEW `top_movie` AS select `top_content`.`id` AS `place`,`content`.`name` AS `movie`,`genres`.`name` AS `genre` from ((`top_content` left join `content` on((`content`.`id` = `top_content`.`content_id`))) left join `genres` on((`genres`.`id` = `content`.`genre_id`))) where (`content`.`type_content` = 'Movie') order by `top_content`.`id` */;
/*!50001 SET character_set_client      = @saved_cs_client */;
/*!50001 SET character_set_results     = @saved_cs_results */;
/*!50001 SET collation_connection      = @saved_col_connection */;
/*!40103 SET TIME_ZONE=@OLD_TIME_ZONE */;

/*!40101 SET SQL_MODE=@OLD_SQL_MODE */;
/*!40014 SET FOREIGN_KEY_CHECKS=@OLD_FOREIGN_KEY_CHECKS */;
/*!40014 SET UNIQUE_CHECKS=@OLD_UNIQUE_CHECKS */;
/*!40101 SET CHARACTER_SET_CLIENT=@OLD_CHARACTER_SET_CLIENT */;
/*!40101 SET CHARACTER_SET_RESULTS=@OLD_CHARACTER_SET_RESULTS */;
/*!40101 SET COLLATION_CONNECTION=@OLD_COLLATION_CONNECTION */;
/*!40111 SET SQL_NOTES=@OLD_SQL_NOTES */;

-- Dump completed on 2020-11-23 19:52:23
