-- MySQL dump 10.13  Distrib 8.0.21, for Win64 (x86_64)
--
-- Host: localhost    Database: vk
-- ------------------------------------------------------
-- Server version	8.0.21

/*!40101 SET @OLD_CHARACTER_SET_CLIENT=@@CHARACTER_SET_CLIENT */;
/*!40101 SET @OLD_CHARACTER_SET_RESULTS=@@CHARACTER_SET_RESULTS */;
/*!40101 SET @OLD_COLLATION_CONNECTION=@@COLLATION_CONNECTION */;
/*!50503 SET NAMES utf8mb4 */;
/*!40103 SET @OLD_TIME_ZONE=@@TIME_ZONE */;
/*!40103 SET TIME_ZONE='+00:00' */;
/*!40014 SET @OLD_UNIQUE_CHECKS=@@UNIQUE_CHECKS, UNIQUE_CHECKS=0 */;
/*!40014 SET @OLD_FOREIGN_KEY_CHECKS=@@FOREIGN_KEY_CHECKS, FOREIGN_KEY_CHECKS=0 */;
/*!40101 SET @OLD_SQL_MODE=@@SQL_MODE, SQL_MODE='NO_AUTO_VALUE_ON_ZERO' */;
/*!40111 SET @OLD_SQL_NOTES=@@SQL_NOTES, SQL_NOTES=0 */;

--
-- Table structure for table `cities`
--

DROP TABLE IF EXISTS `cities`;
/*!40101 SET @saved_cs_client     = @@character_set_client */;
/*!50503 SET character_set_client = utf8mb4 */;
CREATE TABLE `cities` (
  `id` int unsigned NOT NULL AUTO_INCREMENT COMMENT 'Идентификатор строки',
  `country_id` int unsigned NOT NULL COMMENT 'Идентификатор страны',
  `name` varchar(50) NOT NULL COMMENT 'Название города',
  `created_at` datetime DEFAULT CURRENT_TIMESTAMP COMMENT 'Время создания строки',
  `updated_at` datetime DEFAULT CURRENT_TIMESTAMP ON UPDATE CURRENT_TIMESTAMP COMMENT 'Время обновления строки',
  PRIMARY KEY (`id`),
  UNIQUE KEY `name` (`name`)
) ENGINE=InnoDB AUTO_INCREMENT=101 DEFAULT CHARSET=utf8mb4 COLLATE=utf8mb4_0900_ai_ci;
/*!40101 SET character_set_client = @saved_cs_client */;

--
-- Dumping data for table `cities`
--

LOCK TABLES `cities` WRITE;
/*!40000 ALTER TABLE `cities` DISABLE KEYS */;
INSERT INTO `cities` VALUES (1,38,'Gibsonview','2003-01-18 20:40:37','2020-10-23 14:31:23'),(2,35,'Newtonfurt','2005-08-09 05:11:43','2020-10-23 14:31:23'),(3,10,'Lake Miloshire','1970-06-12 10:03:19','2020-10-23 14:31:23'),(4,46,'West Dereckton','2012-08-04 03:23:15','2020-10-23 14:31:23'),(5,50,'Lake Manuela','1990-02-01 03:02:49','2020-10-23 14:31:23'),(6,9,'Harveytown','2016-03-06 09:09:55','2020-10-23 14:31:23'),(7,44,'Lake Ernestina','1977-04-03 23:09:05','2020-10-23 14:31:23'),(8,45,'Lake Daphneyberg','1983-02-14 10:34:02','2020-10-23 14:31:23'),(9,43,'East Ashlynnfurt','1982-07-14 15:24:44','2020-10-23 14:31:23'),(10,29,'Leuschkeburgh','1984-01-09 06:54:13','2020-10-23 14:31:23'),(11,15,'East Brenna','1994-09-28 18:47:05','2020-10-23 14:31:23'),(12,36,'Francescaside','1979-06-01 12:50:15','2020-10-23 14:31:23'),(13,35,'Connstad','1982-02-04 22:40:02','2020-10-23 14:31:23'),(14,17,'O\'Reillyton','2017-01-14 15:02:54','2020-10-23 14:31:23'),(15,30,'Smithamland','1973-11-22 14:42:30','2020-10-23 14:31:23'),(16,47,'Deangeloborough','1971-09-14 19:00:41','2020-10-23 14:31:23'),(17,45,'Kennediport','1995-05-11 09:29:36','2020-10-23 14:31:23'),(18,35,'South Herberttown','2006-12-31 08:30:27','2020-10-23 14:31:23'),(19,37,'Angelchester','1975-07-19 07:43:37','2020-10-23 14:31:23'),(20,29,'Cassinstad','2017-05-08 20:47:58','2020-10-23 14:31:23'),(21,35,'Arnoldoberg','1981-12-13 08:13:45','2020-10-23 14:31:23'),(22,37,'North Thelma','2005-06-15 07:31:59','2020-10-23 14:31:23'),(23,32,'East Brandyn','1981-11-03 02:43:30','2020-10-23 14:31:23'),(24,45,'East Adalberto','1978-07-02 21:07:35','2020-10-23 14:31:23'),(25,30,'Alyssonbury','1990-04-14 11:06:08','2020-10-23 14:31:23'),(26,15,'Miracleborough','2009-09-01 06:50:32','2020-10-23 14:31:23'),(27,33,'South Vidal','2016-09-14 23:02:50','2020-10-23 14:31:23'),(28,20,'East Catherineshire','2004-05-13 14:37:00','2020-10-23 14:31:23'),(29,49,'Quigleyfort','1977-10-15 01:20:48','2020-10-23 14:31:23'),(30,35,'New Clementinemouth','1992-06-08 17:50:45','2020-10-23 14:31:23'),(31,27,'D\'Amorefurt','2005-10-18 08:16:24','2020-10-23 14:31:23'),(32,29,'Eichmannstad','1994-02-15 10:21:21','2020-10-23 14:31:23'),(33,14,'Zboncakchester','1971-12-02 12:19:09','2020-10-23 14:31:23'),(34,32,'Morarside','2012-07-31 05:16:39','2020-10-23 14:31:23'),(35,20,'Jamelchester','2017-12-24 13:39:03','2020-10-23 14:31:23'),(36,3,'Mrazchester','2020-06-10 04:07:11','2020-10-23 14:31:23'),(37,3,'Lake Cletusborough','1980-05-05 06:24:16','2020-10-23 14:31:23'),(38,5,'Port Zionstad','1986-03-22 10:52:01','2020-10-23 14:31:23'),(39,16,'Bayershire','1987-03-31 18:43:12','2020-10-23 14:31:23'),(40,14,'Port Jacquelyn','1972-02-09 17:24:31','2020-10-23 14:23:20'),(41,23,'Greenfelderchester','1983-11-28 14:05:22','2020-10-23 14:31:23'),(42,23,'Lake Imogenemouth','2007-12-13 23:14:44','2020-10-23 14:31:23'),(43,45,'Kaseyborough','2014-05-03 22:14:02','2020-10-23 14:31:23'),(44,3,'West Darrylside','2015-07-21 16:21:32','2020-10-23 14:31:23'),(45,32,'West Donaldchester','2008-11-02 08:16:51','2020-10-23 14:31:23'),(46,48,'Grahamtown','2014-08-17 10:27:20','2020-10-23 14:31:23'),(47,45,'Isacfort','2019-05-08 21:26:19','2020-10-23 14:31:23'),(48,30,'Schambergerborough','2014-03-21 05:14:47','2020-10-23 14:31:23'),(49,17,'Timmymouth','2018-09-06 07:23:25','2020-10-23 14:23:20'),(50,42,'Montymouth','1993-10-14 03:07:19','2020-10-23 14:31:23'),(51,11,'Oscarbury','2019-01-22 02:21:58','2020-10-23 14:31:23'),(52,26,'North Blancaview','2010-07-02 17:29:38','2020-10-23 14:31:23'),(53,49,'Moenside','2019-06-22 01:07:59','2020-10-23 14:31:23'),(54,16,'Hanetown','1973-07-20 18:56:25','2020-10-23 14:31:23'),(55,30,'East Clovis','1990-07-19 16:52:23','2020-10-23 14:31:23'),(56,3,'East Jon','2002-11-03 23:24:31','2020-10-23 14:31:23'),(57,26,'Luellaborough','2000-06-20 18:53:49','2020-10-23 14:31:23'),(58,19,'North Dariomouth','1971-07-08 21:01:07','2020-10-23 14:31:23'),(59,19,'Maggieton','1970-04-12 19:32:36','2020-10-23 14:31:23'),(60,34,'West Lupe','1996-05-04 14:53:34','2020-10-23 14:31:23'),(61,15,'Port Bertramview','1973-05-01 21:34:59','2020-10-23 14:31:23'),(62,23,'West Gordon','2013-08-28 02:22:53','2020-10-23 14:31:23'),(63,18,'North Irvingside','1971-10-15 00:18:16','2020-10-23 14:31:23'),(64,21,'North Chetfurt','2019-09-11 09:09:14','2020-10-23 14:31:23'),(65,2,'Altenwerthtown','2015-01-31 14:16:57','2020-10-23 14:31:23'),(66,45,'Schadenmouth','1974-05-31 00:33:32','2020-10-23 14:31:23'),(67,19,'Nelston','1981-02-12 16:00:26','2020-10-23 14:31:23'),(68,9,'Port Hoytview','1983-11-30 18:08:51','2020-10-23 14:31:23'),(69,38,'Roxannefort','2007-02-22 07:20:17','2020-10-23 14:31:23'),(70,14,'New Kyleighton','2009-10-11 03:41:09','2020-10-23 14:31:23'),(71,5,'New Eino','1976-07-03 21:23:06','2020-10-23 14:31:23'),(72,33,'New Alvinatown','1979-05-24 22:03:24','2020-10-23 14:31:23'),(73,1,'West Sarah','1978-04-26 03:33:39','2020-10-23 14:31:23'),(74,4,'Schneiderbury','2010-09-29 14:00:05','2020-10-23 14:31:23'),(75,15,'North Akeemland','2008-04-12 14:22:35','2020-10-23 14:31:23'),(76,16,'West Emmy','1990-08-30 18:09:40','2020-10-23 14:31:23'),(77,31,'East Stephania','2015-08-22 20:22:23','2020-10-23 14:31:23'),(78,8,'Lake Boris','1999-09-16 07:17:50','2020-10-23 14:31:23'),(79,45,'Harveyside','1973-11-29 01:15:04','2020-10-23 14:31:23'),(80,3,'North Henri','1987-06-28 20:27:04','2020-10-23 14:31:23'),(81,29,'Lake Maegan','2006-02-25 01:29:09','2020-10-23 14:31:23'),(82,33,'Emmaleefurt','2006-08-22 22:07:10','2020-10-23 14:31:23'),(83,30,'Lindgrenshire','2019-04-06 06:41:51','2020-10-23 14:31:23'),(84,49,'West Claire','1985-02-11 15:34:14','2020-10-23 14:31:23'),(85,5,'New Joshberg','2012-01-24 04:16:14','2020-10-23 14:31:23'),(86,26,'Vandervortland','1997-09-01 12:04:34','2020-10-23 14:31:23'),(87,14,'Kerluketon','2019-05-14 15:46:18','2020-10-23 14:31:23'),(88,41,'Bartellstad','2017-04-24 09:32:12','2020-10-23 14:31:23'),(89,15,'Corwinchester','1987-11-08 17:46:49','2020-10-23 14:31:23'),(90,2,'Rauton','1974-03-21 02:11:27','2020-10-23 14:31:23'),(91,15,'Effertzton','2010-12-02 11:13:08','2020-10-23 14:31:23'),(92,18,'West Garland','2014-10-16 02:48:09','2020-10-23 14:31:23'),(93,42,'Kamrynside','1978-08-29 20:42:17','2020-10-23 14:31:23'),(94,8,'Lake Isacfurt','1978-07-03 04:15:15','2020-10-23 14:31:23'),(95,12,'Port Gordonshire','1996-04-23 01:18:18','2020-10-23 14:31:23'),(96,34,'Larsonburgh','2017-10-04 04:19:10','2020-10-23 14:31:23'),(97,36,'Keyonshire','1972-03-12 21:33:40','2020-10-23 14:31:23'),(98,29,'East Evanborough','1989-12-26 19:48:27','2020-10-23 14:23:20'),(99,34,'West Hubert','2018-07-15 20:35:00','2020-10-23 14:31:23'),(100,34,'Starkfort','2011-02-20 23:36:36','2020-10-23 14:31:23');
/*!40000 ALTER TABLE `cities` ENABLE KEYS */;
UNLOCK TABLES;

--
-- Table structure for table `communites`
--

DROP TABLE IF EXISTS `communites`;
/*!40101 SET @saved_cs_client     = @@character_set_client */;
/*!50503 SET character_set_client = utf8mb4 */;
CREATE TABLE `communites` (
  `id` int unsigned NOT NULL AUTO_INCREMENT,
  `name` varchar(150) CHARACTER SET utf8 COLLATE utf8_unicode_ci NOT NULL COMMENT 'Название группы',
  `created_at` datetime DEFAULT CURRENT_TIMESTAMP COMMENT 'Время создания строки',
  `updated_at` datetime DEFAULT CURRENT_TIMESTAMP ON UPDATE CURRENT_TIMESTAMP COMMENT 'Время обновления строки',
  PRIMARY KEY (`id`),
  UNIQUE KEY `name` (`name`)
) ENGINE=InnoDB AUTO_INCREMENT=101 DEFAULT CHARSET=utf8 COLLATE=utf8_unicode_ci;
/*!40101 SET character_set_client = @saved_cs_client */;

--
-- Dumping data for table `communites`
--

LOCK TABLES `communites` WRITE;
/*!40000 ALTER TABLE `communites` DISABLE KEYS */;
INSERT INTO `communites` VALUES (1,'Quae numquam dolorem sapiente quia ratione qui provident.','2020-07-16 10:53:07','2006-06-11 19:03:33'),(2,'Porro aliquid enim consequatur eum velit tenetur totam.','1977-11-22 19:00:11','1997-06-10 17:16:31'),(3,'Est minus ducimus repellendus.','1990-02-08 19:01:03','1987-09-01 22:56:31'),(4,'Possimus cum quod voluptatibus odio.','1980-10-10 09:33:35','2014-11-30 14:42:57'),(5,'Tempore ipsam ut ea doloremque.','1973-11-19 06:22:34','1982-08-19 22:21:56'),(6,'Hic dolorum blanditiis et enim earum.','2003-11-21 02:42:31','2016-02-23 17:45:05'),(7,'Sunt aut ut velit cum veniam nam et et.','1986-05-04 12:31:35','1993-04-12 08:46:59'),(8,'Saepe eaque delectus sequi laudantium eveniet illo earum.','1973-09-01 06:32:04','2010-09-15 02:47:18'),(9,'Et itaque voluptatem asperiores aliquid libero aut.','1974-02-04 15:48:11','1984-08-30 10:34:11'),(10,'Ipsa perferendis aut et.','1975-09-05 06:46:24','1974-08-05 06:46:10'),(11,'Atque et temporibus est mollitia in consequatur quis.','1992-06-09 05:26:02','1994-03-12 13:23:25'),(12,'Ut eius ratione earum nihil et ut.','1984-06-06 19:36:00','2018-07-19 13:50:42'),(13,'Veritatis est quo quod et.','1978-04-07 14:56:13','2017-10-01 14:53:10'),(14,'Et et non molestiae sit inventore debitis.','2013-10-05 00:28:00','1989-01-04 04:20:53'),(15,'Laborum eveniet ut laborum voluptatem.','2015-06-11 14:37:58','2003-09-13 12:56:52'),(16,'Sit sed earum doloremque molestias.','2014-03-10 18:58:43','1981-10-27 17:13:04'),(17,'Et asperiores et voluptas suscipit molestias non.','2009-10-11 20:07:39','2011-10-20 08:41:08'),(18,'Ut tempore recusandae sapiente.','1999-01-20 03:20:54','2003-03-08 00:45:42'),(19,'Vitae animi corrupti autem.','1994-03-31 04:08:04','1981-06-10 09:02:09'),(20,'Nihil a beatae expedita.','2010-10-18 02:47:42','2009-07-28 04:26:45'),(21,'Doloribus molestias necessitatibus ex repellat quisquam voluptas itaque.','2020-04-01 21:25:55','1982-08-04 14:15:10'),(22,'Omnis quae dolorem cum saepe.','2014-02-12 14:42:44','1985-02-27 18:24:44'),(23,'Quisquam iusto aut labore.','1976-03-05 23:34:55','2017-07-14 10:23:21'),(24,'Cumque ut culpa vel aliquid.','1991-11-15 11:18:14','2020-06-18 15:23:39'),(25,'Voluptatem autem nihil maiores.','1995-03-17 10:44:10','2015-11-11 23:37:05'),(26,'Qui ullam odio aspernatur eum velit fugit pariatur eum.','1992-06-23 01:32:27','1983-01-10 02:56:01'),(27,'Sunt possimus sit unde est blanditiis.','2013-02-03 13:01:03','2020-07-22 20:06:21'),(28,'Odio minima quaerat adipisci voluptatibus.','2011-08-25 04:59:50','2012-05-08 13:20:57'),(29,'Et omnis aut quod vel eligendi.','1981-02-13 01:49:46','2018-01-07 13:16:42'),(30,'Tempora rerum quasi maiores consequatur numquam quae.','2004-12-17 16:20:41','2000-06-21 00:27:39');
/*!40000 ALTER TABLE `communites` ENABLE KEYS */;
UNLOCK TABLES;

--
-- Table structure for table `communities_users`
--

DROP TABLE IF EXISTS `communities_users`;
/*!40101 SET @saved_cs_client     = @@character_set_client */;
/*!50503 SET character_set_client = utf8mb4 */;
CREATE TABLE `communities_users` (
  `community_id` int unsigned NOT NULL COMMENT 'Ссылка на группу',
  `user_id` int unsigned NOT NULL COMMENT 'Ссылка на пользователя',
  `created_at` datetime DEFAULT CURRENT_TIMESTAMP COMMENT 'Воемя создание строки',
  PRIMARY KEY (`community_id`,`user_id`) COMMENT 'Составной первичный ключ'
) ENGINE=InnoDB DEFAULT CHARSET=utf8 COLLATE=utf8_unicode_ci;
/*!40101 SET character_set_client = @saved_cs_client */;

--
-- Dumping data for table `communities_users`
--

LOCK TABLES `communities_users` WRITE;
/*!40000 ALTER TABLE `communities_users` DISABLE KEYS */;
INSERT INTO `communities_users` VALUES (1,4,'1980-06-18 11:04:33'),(1,11,'1986-08-16 18:05:51'),(1,45,'1994-01-19 13:24:51'),(1,49,'1991-02-04 15:39:58'),(2,30,'2012-05-28 17:35:38'),(2,31,'1995-04-13 04:55:03'),(3,55,'2009-06-25 22:05:49'),(3,66,'1977-08-12 02:56:04'),(4,42,'1996-08-02 10:38:18'),(5,12,'1998-07-14 22:00:00'),(5,32,'2016-05-31 02:46:10'),(5,37,'1989-04-27 00:36:41'),(5,38,'1981-05-13 02:55:34'),(5,46,'2007-02-15 01:12:50'),(6,26,'2016-12-22 15:29:30'),(6,36,'1970-05-14 15:42:37'),(6,68,'2010-06-14 11:50:03'),(7,99,'1996-07-06 06:01:03'),(8,48,'2013-05-28 06:04:50'),(8,54,'1996-12-14 18:49:45'),(8,69,'1993-07-26 11:36:06'),(8,72,'1979-08-28 04:34:15'),(9,8,'2003-06-05 22:12:57'),(9,15,'1987-11-16 00:57:01'),(9,18,'2013-02-10 14:13:19'),(9,24,'1976-01-07 05:32:03'),(9,35,'2002-06-22 21:52:52'),(9,40,'1992-01-18 15:22:12'),(9,50,'2006-02-26 13:03:40'),(9,63,'1973-12-13 08:22:56'),(9,82,'1989-07-25 02:12:41'),(10,10,'1990-02-01 21:20:07'),(10,76,'1990-03-28 11:49:48'),(10,93,'1991-05-23 17:16:47'),(10,95,'2005-04-02 19:20:51'),(11,22,'2012-01-27 10:19:55'),(11,39,'1988-11-07 23:27:23'),(11,51,'1988-07-07 08:05:01'),(11,57,'2013-12-27 02:09:46'),(11,73,'1995-10-23 17:44:02'),(12,21,'1996-05-12 18:24:06'),(12,34,'2013-08-29 22:08:04'),(12,53,'2004-03-13 19:47:00'),(12,75,'1982-08-05 16:55:51'),(12,77,'2002-08-31 10:26:28'),(13,25,'1998-03-09 21:56:56'),(13,29,'1987-08-02 10:15:48'),(13,41,'2010-08-21 00:49:09'),(13,43,'2014-08-15 12:44:29'),(17,5,'1979-03-11 03:44:36'),(18,33,'1984-03-11 07:01:55'),(18,80,'1977-01-12 04:41:32'),(18,91,'1992-02-28 16:00:04'),(18,97,'1999-03-14 17:10:25'),(19,58,'2013-01-28 12:38:02'),(19,92,'1971-09-22 16:54:42'),(20,13,'1996-06-01 13:04:31'),(20,27,'1986-04-26 04:41:01'),(20,28,'2018-09-16 23:03:06'),(20,44,'2018-06-10 03:57:37'),(20,71,'1975-02-09 14:49:16'),(20,94,'2014-07-25 06:40:21'),(21,23,'1994-12-09 03:20:04'),(21,70,'2004-09-17 08:26:19'),(21,79,'2005-01-28 02:05:15'),(22,6,'1995-03-27 23:03:40'),(22,56,'1996-11-13 20:25:50'),(22,61,'2020-01-23 18:25:39'),(22,88,'1996-01-10 19:51:47'),(22,96,'1987-10-29 00:20:30'),(23,2,'2011-09-20 08:40:38'),(23,47,'1994-05-13 09:22:39'),(23,64,'1977-08-10 23:27:36'),(23,100,'1981-03-28 21:42:36'),(24,89,'1994-11-20 18:21:03'),(24,90,'1997-07-19 19:19:12'),(25,17,'2005-10-11 05:24:34'),(25,81,'2015-10-29 16:23:41'),(25,98,'2005-09-04 06:53:20'),(26,3,'1974-12-01 12:07:59'),(26,9,'2017-08-17 01:33:21'),(26,14,'1970-10-16 09:07:51'),(26,20,'1998-01-16 14:21:41'),(26,65,'1997-06-06 08:54:30'),(27,7,'1971-07-02 10:10:11'),(27,52,'1991-12-29 21:24:00'),(27,62,'2005-03-18 22:26:29'),(27,67,'1973-09-20 03:29:15'),(27,74,'2019-12-15 13:18:09'),(28,60,'2000-02-28 00:12:28'),(28,87,'2018-12-21 14:16:32'),(29,1,'2020-03-11 04:02:03'),(29,16,'1986-07-08 14:01:05'),(29,19,'1973-08-22 00:15:42'),(29,59,'1982-06-09 19:47:27'),(29,78,'1992-08-01 11:35:19'),(29,83,'1980-07-30 03:16:20'),(30,84,'1971-06-11 20:27:42'),(30,85,'1991-08-12 02:07:40'),(30,86,'1972-02-03 14:02:36');
/*!40000 ALTER TABLE `communities_users` ENABLE KEYS */;
UNLOCK TABLES;

--
-- Table structure for table `countries`
--

DROP TABLE IF EXISTS `countries`;
/*!40101 SET @saved_cs_client     = @@character_set_client */;
/*!50503 SET character_set_client = utf8mb4 */;
CREATE TABLE `countries` (
  `id` int unsigned NOT NULL AUTO_INCREMENT COMMENT 'Идентификатор строки',
  `name` varchar(50) NOT NULL COMMENT 'Название страны',
  `created_at` datetime DEFAULT CURRENT_TIMESTAMP COMMENT 'Время создания строки',
  `updated_at` datetime DEFAULT CURRENT_TIMESTAMP ON UPDATE CURRENT_TIMESTAMP COMMENT 'Время обновления строки',
  PRIMARY KEY (`id`),
  UNIQUE KEY `name` (`name`)
) ENGINE=InnoDB AUTO_INCREMENT=101 DEFAULT CHARSET=utf8mb4 COLLATE=utf8mb4_0900_ai_ci;
/*!40101 SET character_set_client = @saved_cs_client */;

--
-- Dumping data for table `countries`
--

LOCK TABLES `countries` WRITE;
/*!40000 ALTER TABLE `countries` DISABLE KEYS */;
INSERT INTO `countries` VALUES (1,'Mozambique','1979-04-10 01:39:37','2014-10-21 04:16:19'),(2,'Honduras','1986-12-18 06:17:27','2020-10-23 15:51:29'),(3,'Malta','2014-11-25 18:29:42','2020-10-23 15:51:29'),(4,'Turkey','1987-02-28 13:34:59','1999-09-15 19:19:46'),(5,'Moldova','2019-01-08 16:52:09','2020-10-23 15:51:29'),(6,'Azerbaijan','1982-05-15 23:12:49','1993-09-20 13:45:14'),(7,'El Salvador','2010-10-30 01:36:27','2020-10-23 15:51:29'),(8,'Kiribati','2009-04-14 23:44:48','2009-11-27 09:11:30'),(9,'Liberia','1986-02-15 12:03:47','1997-02-12 03:05:34'),(10,'Guam','1986-07-27 01:31:27','2020-10-23 15:51:29'),(11,'Tokelau','1993-01-02 23:08:55','2010-06-28 10:01:50'),(12,'Slovakia (Slovak Republic)','1982-08-29 00:19:23','2017-12-07 02:43:04'),(13,'Bouvet Island (Bouvetoya)','1986-04-29 14:09:00','1999-07-18 21:17:02'),(14,'Benin','1972-06-15 14:12:42','1994-02-26 09:54:45'),(15,'Seychelles','1991-05-19 23:33:24','2020-10-23 15:51:29'),(16,'Angola','2019-01-08 23:11:20','2020-10-23 15:51:29'),(17,'French Polynesia','1999-04-28 16:21:58','2020-10-23 15:51:29'),(18,'Lao People\'s Democratic Republic','2009-08-12 06:21:59','2017-11-16 16:46:07'),(19,'Sri Lanka','1988-02-29 09:38:29','2020-10-23 15:51:29'),(20,'Burkina Faso','1995-08-11 17:51:44','2020-10-23 15:51:29'),(21,'Ecuador','1993-07-04 01:47:25','2014-10-16 04:54:08'),(22,'Colombia','1971-04-13 03:28:30','1997-03-27 15:27:09'),(23,'Uruguay','1999-05-10 02:21:28','2011-12-24 00:10:32'),(24,'Swaziland','2013-09-11 12:10:25','2020-10-23 15:51:29'),(25,'Sweden','1978-06-29 16:49:19','2009-10-25 13:37:30'),(26,'Pitcairn Islands','2011-07-04 15:25:13','2016-03-30 05:01:16'),(27,'Cuba','1978-01-11 13:18:57','1988-04-08 03:02:08'),(28,'Somalia','1980-04-11 14:01:28','1983-07-12 01:19:42'),(29,'American Samoa','2004-06-08 11:20:13','2019-11-26 11:13:18'),(30,'Japan','2015-03-30 05:00:21','2020-10-23 15:51:29'),(31,'Israel','1977-01-24 22:24:29','1980-09-18 22:23:01'),(32,'Mayotte','1973-01-04 02:26:27','1986-05-17 14:26:43'),(33,'Ireland','2020-05-10 06:09:49','2020-10-23 15:51:29'),(34,'United Arab Emirates','2014-04-26 20:36:35','2020-10-23 15:51:29'),(35,'Guatemala','1975-11-02 06:40:38','2019-10-13 05:51:14'),(36,'Chad','2001-08-24 06:15:02','2013-04-21 05:45:12'),(37,'Kenya','1998-09-02 06:38:27','2003-11-07 04:43:16'),(38,'Australia','2000-09-06 10:00:21','2014-04-14 15:17:23'),(39,'Lithuania','2019-12-10 23:05:59','2020-05-24 04:51:11'),(40,'Oman','2015-08-26 20:09:45','2020-10-23 15:51:29'),(41,'Greece','1977-10-31 00:20:09','1992-10-14 12:19:10'),(42,'Turks and Caicos Islands','1972-03-14 07:30:30','2010-03-28 16:26:06'),(43,'Puerto Rico','1975-10-16 21:47:27','2002-12-10 18:13:53'),(44,'Antigua and Barbuda','1999-09-24 06:19:08','2020-10-23 15:51:29'),(45,'Montserrat','2009-02-15 10:05:13','2019-05-20 19:11:24'),(46,'France','1976-06-19 07:18:46','1984-07-11 10:16:09'),(47,'Saint Pierre and Miquelon','1975-04-16 03:30:13','2012-09-12 20:36:51'),(48,'Tajikistan','1994-07-25 23:40:16','2011-12-19 00:19:13'),(49,'United States Virgin Islands','2002-08-16 13:26:34','2020-10-23 15:51:29'),(50,'British Indian Ocean Territory (Chagos Archipelago','2001-09-18 15:43:58','2020-10-23 15:51:29');
/*!40000 ALTER TABLE `countries` ENABLE KEYS */;
UNLOCK TABLES;

--
-- Table structure for table `friendship_statuses`
--

DROP TABLE IF EXISTS `friendship_statuses`;
/*!40101 SET @saved_cs_client     = @@character_set_client */;
/*!50503 SET character_set_client = utf8mb4 */;
CREATE TABLE `friendship_statuses` (
  `id` int unsigned NOT NULL AUTO_INCREMENT,
  `name` varchar(150) CHARACTER SET utf8 COLLATE utf8_unicode_ci NOT NULL COMMENT 'Название статуса',
  `created_at` datetime DEFAULT CURRENT_TIMESTAMP COMMENT 'Время создания строки',
  `updated_at` datetime DEFAULT CURRENT_TIMESTAMP ON UPDATE CURRENT_TIMESTAMP COMMENT 'Время обновления строки',
  PRIMARY KEY (`id`),
  UNIQUE KEY `name` (`name`)
) ENGINE=InnoDB AUTO_INCREMENT=4 DEFAULT CHARSET=utf8 COLLATE=utf8_unicode_ci;
/*!40101 SET character_set_client = @saved_cs_client */;

--
-- Dumping data for table `friendship_statuses`
--

LOCK TABLES `friendship_statuses` WRITE;
/*!40000 ALTER TABLE `friendship_statuses` DISABLE KEYS */;
INSERT INTO `friendship_statuses` VALUES (1,'Requested','2020-10-23 15:32:57','2020-10-23 15:32:57'),(2,'Confirmed','2020-10-23 15:32:57','2020-10-23 15:32:57'),(3,'Rejected','2020-10-23 15:32:57','2020-10-23 15:32:57');
/*!40000 ALTER TABLE `friendship_statuses` ENABLE KEYS */;
UNLOCK TABLES;

--
-- Table structure for table `friendships`
--

DROP TABLE IF EXISTS `friendships`;
/*!40101 SET @saved_cs_client     = @@character_set_client */;
/*!50503 SET character_set_client = utf8mb4 */;
CREATE TABLE `friendships` (
  `user_id` int unsigned NOT NULL COMMENT 'Ссылка на инициатора дружеских отношений',
  `friend_id` int unsigned NOT NULL COMMENT 'Ссылка на получателя  приглашения дружить',
  `status_id` int unsigned NOT NULL COMMENT 'Ссылка на статус (текущее состояние) отношений',
  `confirmed_at` datetime DEFAULT NULL COMMENT 'Время подтверждения приглашения',
  `created_at` datetime DEFAULT CURRENT_TIMESTAMP COMMENT 'Время создания строки',
  `updated_at` datetime DEFAULT CURRENT_TIMESTAMP ON UPDATE CURRENT_TIMESTAMP COMMENT 'Время обновления строки',
  PRIMARY KEY (`user_id`,`friend_id`) COMMENT 'Составной первичный ключ'
) ENGINE=InnoDB DEFAULT CHARSET=utf8 COLLATE=utf8_unicode_ci;
/*!40101 SET character_set_client = @saved_cs_client */;

--
-- Dumping data for table `friendships`
--

LOCK TABLES `friendships` WRITE;
/*!40000 ALTER TABLE `friendships` DISABLE KEYS */;
INSERT INTO `friendships` VALUES (2,39,3,'2009-12-29 00:24:11','1980-06-02 23:43:10','2020-10-23 15:33:00'),(2,43,3,'2002-07-18 01:58:11','1990-03-18 11:07:48','2020-10-23 15:28:59'),(2,86,1,'2004-03-20 00:19:04','1980-03-04 18:10:17','2020-10-23 15:33:00'),(5,94,3,'1977-10-07 05:56:25','1989-12-25 03:02:58','2020-10-23 15:33:00'),(6,3,2,'1992-03-31 02:12:16','1986-09-07 13:07:08','2020-10-23 15:33:00'),(7,2,1,'1996-07-15 11:15:03','1981-06-24 03:50:34','2020-10-23 15:28:59'),(7,10,2,'1999-10-13 06:28:02','1997-06-25 11:21:06','2020-10-23 15:33:00'),(8,55,2,'2009-01-16 10:28:51','1977-10-04 06:02:28','2020-10-23 15:33:00'),(9,1,2,'1980-03-16 20:29:37','1970-11-10 22:46:57','2020-10-23 15:33:00'),(10,28,1,'1982-04-20 08:03:00','2001-03-01 22:13:10','2020-10-23 15:33:00'),(10,60,3,'1971-11-28 16:11:50','1977-11-25 17:29:31','2020-10-23 15:33:00'),(10,62,2,'1975-06-02 12:49:22','2010-01-18 05:46:00','2020-10-23 15:33:00'),(12,7,2,'2007-06-24 18:31:28','2020-06-19 23:14:04','2020-10-23 15:33:00'),(12,59,3,'2006-12-04 04:00:18','2006-10-18 04:54:47','2020-10-23 15:33:00'),(12,95,3,'1972-10-23 11:55:25','1998-07-20 20:05:47','2020-10-23 15:33:00'),(13,19,1,'2007-10-27 03:22:45','1985-02-22 11:15:29','2020-10-23 15:33:00'),(13,67,2,'2017-03-10 08:26:10','2006-09-30 07:49:57','2020-10-23 15:33:00'),(16,69,2,'1987-12-22 17:51:32','1997-02-24 12:10:00','2020-10-23 15:33:00'),(18,42,2,'2015-05-06 08:33:22','1998-01-28 02:34:34','2020-10-23 15:33:00'),(20,21,2,'2002-04-19 01:35:34','1970-01-25 21:45:56','2020-10-23 15:28:59'),(21,29,3,'2016-05-23 17:24:48','2017-12-20 05:12:55','2020-10-23 15:33:00'),(22,51,1,'1986-03-18 01:38:26','1990-05-28 04:44:14','2020-10-23 15:33:00'),(24,20,2,'1981-01-24 22:54:29','1985-10-11 08:36:10','2020-10-23 15:33:00'),(24,42,3,'2009-12-11 03:59:32','1985-07-15 23:08:27','2020-10-23 15:33:00'),(24,94,1,'1972-08-12 18:08:49','1979-01-16 20:07:01','2020-10-23 15:33:00'),(26,8,1,'1973-04-11 21:52:28','2010-04-11 06:40:58','2020-10-23 15:33:00'),(26,13,3,'1994-01-23 10:02:06','2010-11-10 13:43:32','2020-10-23 15:33:00'),(26,70,1,'2008-08-22 17:36:56','2007-02-16 15:19:38','2020-10-23 15:33:00'),(27,60,1,'1993-05-24 01:47:20','1981-03-29 18:40:42','2020-10-23 15:28:59'),(27,75,1,'2010-08-25 15:29:10','2017-11-06 21:33:15','2020-10-23 15:33:00'),(27,77,3,'1981-06-14 16:56:34','1971-03-05 05:20:46','2020-10-23 15:33:00'),(31,24,1,'2019-03-28 20:17:14','2007-02-14 18:10:44','2020-10-23 15:33:00'),(31,41,3,'2012-04-16 04:28:06','2014-07-16 12:47:08','2020-10-23 15:33:00'),(33,50,2,'2011-08-22 23:41:18','2016-10-22 16:52:35','2020-10-23 15:33:00'),(33,67,2,'2001-12-19 17:34:02','2016-09-21 15:40:27','2020-10-23 15:33:00'),(35,70,1,'1980-04-13 07:19:40','1989-05-28 01:07:42','2020-10-23 15:33:00'),(35,72,2,'1975-03-07 11:33:35','1987-10-15 22:01:32','2020-10-23 15:28:59'),(35,83,2,'2008-08-08 13:25:00','2017-05-24 10:19:43','2020-10-23 15:33:00'),(35,86,1,'1989-07-28 06:22:12','2010-08-03 02:10:09','2020-10-23 15:28:59'),(37,23,2,'2006-02-14 04:25:12','2000-07-03 01:26:01','2020-10-23 15:33:00'),(38,30,1,'2009-08-09 22:35:15','2011-03-07 12:36:43','2020-10-23 15:33:00'),(39,2,2,'2001-06-12 01:04:37','1996-12-11 11:45:36','2020-10-23 15:33:00'),(39,8,3,'1972-07-17 14:45:55','1995-05-24 11:39:48','2020-10-23 15:33:00'),(39,66,2,'2009-07-29 17:14:41','2011-08-23 16:05:20','2020-10-23 15:28:59'),(43,7,1,'2013-03-12 10:42:23','1994-09-21 08:53:06','2020-10-23 15:33:00'),(43,33,3,'2011-06-24 01:47:00','2020-04-20 18:33:55','2020-10-23 15:33:00'),(43,54,1,'2004-03-16 06:42:26','2000-08-26 15:55:25','2020-10-23 15:33:00'),(46,93,3,'1991-04-11 01:30:43','1986-07-01 11:12:11','2020-10-23 15:33:00'),(47,33,3,'2001-12-14 11:52:00','2015-03-10 10:53:46','2020-10-23 15:33:00'),(48,64,3,'2017-10-25 14:14:37','2009-05-23 10:03:15','2020-10-23 15:33:00'),(49,83,1,'1972-01-09 10:31:49','2007-03-30 11:16:25','2020-10-23 15:33:00'),(52,43,1,'1985-08-03 20:47:47','1994-05-23 18:32:41','2020-10-23 15:33:00'),(52,87,1,'2013-01-30 20:30:37','1970-03-13 17:56:14','2020-10-23 15:33:00'),(53,14,2,'2016-08-26 19:26:01','1970-10-08 21:54:15','2020-10-23 15:33:00'),(54,55,1,'1972-11-11 21:11:23','1985-08-16 01:11:46','2020-10-23 15:33:00'),(55,24,3,'1976-06-04 22:45:20','1978-06-15 22:01:52','2020-10-23 15:33:00'),(55,93,3,'2015-11-21 10:54:55','2017-01-01 08:17:21','2020-10-23 15:33:00'),(56,21,1,'2011-04-22 09:10:49','1992-03-10 17:39:17','2020-10-23 15:33:00'),(56,50,2,'1978-10-29 07:03:43','1990-04-10 01:03:02','2020-10-23 15:33:00'),(56,52,1,'2008-10-31 22:31:51','2016-12-16 09:38:43','2020-10-23 15:33:00'),(57,9,1,'1974-10-28 15:57:46','1991-06-06 16:33:01','2020-10-23 15:33:00'),(60,78,2,'1979-05-21 18:34:53','1997-02-25 17:48:45','2020-10-23 15:33:00'),(67,56,2,'2008-09-15 23:29:38','2004-03-04 05:03:35','2020-10-23 15:28:59'),(67,86,2,'1973-02-13 02:16:12','2018-12-27 18:37:53','2020-10-23 15:33:00'),(68,63,2,'1976-06-13 18:29:10','2012-04-26 12:10:25','2020-10-23 15:33:00'),(70,39,2,'2018-04-14 10:00:54','1998-07-18 08:04:00','2020-10-23 15:33:00'),(71,31,3,'2002-04-23 04:16:28','2007-04-24 20:44:40','2020-10-23 15:33:00'),(75,49,2,'1986-01-27 13:48:02','1988-11-17 05:26:03','2020-10-23 15:33:00'),(75,84,3,'2020-09-06 20:50:12','1977-04-19 12:41:44','2020-10-23 15:33:00'),(76,49,3,'2014-06-19 01:09:19','1992-12-05 02:16:14','2020-10-23 15:28:59'),(76,95,2,'1976-02-15 03:33:19','1998-03-21 21:20:19','2020-10-23 15:33:00'),(77,17,2,'1990-04-13 07:06:32','1976-10-17 16:53:00','2020-10-23 15:33:00'),(77,60,2,'1982-06-29 11:59:07','2007-09-16 08:07:58','2020-10-23 15:33:00'),(77,64,3,'1997-09-02 12:00:58','2004-08-23 21:02:44','2020-10-23 15:33:00'),(77,70,2,'2007-12-15 16:05:24','1980-11-22 08:11:08','2020-10-23 15:33:00'),(78,5,3,'2010-11-12 03:44:33','2002-08-18 10:51:39','2020-10-23 15:33:00'),(78,42,3,'1981-01-04 18:06:16','1997-06-27 01:39:02','2020-10-23 15:33:00'),(79,35,2,'2008-12-05 00:36:21','2014-09-25 13:08:55','2020-10-23 15:33:00'),(79,92,1,'2019-09-12 20:10:15','1972-08-06 11:47:55','2020-10-23 15:33:00'),(82,59,1,'1992-10-28 00:55:03','1976-08-20 08:49:03','2020-10-23 15:33:00'),(84,30,2,'1983-01-04 06:11:50','1997-04-18 19:49:17','2020-10-23 15:33:00'),(85,8,2,'2004-12-11 10:27:04','2000-03-31 15:40:12','2020-10-23 15:33:00'),(85,38,3,'1997-10-07 06:35:21','1996-09-15 02:30:19','2020-10-23 15:28:59'),(86,38,3,'2008-06-14 19:04:06','2005-01-21 10:41:11','2020-10-23 15:33:00'),(87,8,3,'1979-10-21 18:31:21','2011-05-30 09:08:46','2020-10-23 15:33:00'),(87,29,2,'1978-10-05 04:33:35','1979-01-03 07:45:04','2020-10-23 15:28:59'),(89,29,2,'1996-01-14 12:59:18','2009-09-02 20:03:15','2020-10-23 15:33:00'),(90,9,3,'1991-09-18 19:06:11','1990-05-11 05:00:41','2020-10-23 15:33:00'),(90,96,3,'1973-04-07 07:53:20','2003-02-16 01:26:57','2020-10-23 15:28:59'),(91,40,1,'1971-11-30 13:05:38','2004-08-19 11:18:26','2020-10-23 15:33:00'),(92,56,3,'1991-07-24 01:24:33','1991-03-06 16:59:39','2020-10-23 15:33:00'),(93,6,2,'2003-09-20 19:29:01','1975-06-21 11:37:51','2020-10-23 15:33:00'),(93,11,3,'2010-05-05 10:30:45','2001-11-03 19:34:32','2020-10-23 15:33:00'),(94,46,2,'2013-09-15 02:23:40','1976-10-03 18:48:46','2020-10-23 15:33:00'),(95,67,2,'1997-12-12 09:06:03','1990-07-30 11:20:11','2020-10-23 15:33:00'),(95,72,1,'1972-04-19 19:51:34','2008-04-01 22:11:05','2020-10-23 15:33:00'),(96,75,1,'2000-11-20 15:45:18','1976-08-11 22:06:47','2020-10-23 15:33:00'),(96,100,2,'1984-10-03 02:13:21','1971-12-12 13:27:46','2020-10-23 15:33:00'),(99,5,3,'1985-03-01 06:50:03','1988-03-22 09:01:53','2020-10-23 15:33:00'),(99,15,2,'1985-03-23 04:58:47','1973-10-05 09:52:56','2020-10-23 15:33:00');
/*!40000 ALTER TABLE `friendships` ENABLE KEYS */;
UNLOCK TABLES;

--
-- Table structure for table `media`
--

DROP TABLE IF EXISTS `media`;
/*!40101 SET @saved_cs_client     = @@character_set_client */;
/*!50503 SET character_set_client = utf8mb4 */;
CREATE TABLE `media` (
  `id` int unsigned NOT NULL AUTO_INCREMENT,
  `user_id` int unsigned NOT NULL COMMENT 'Ссылка на пользователя, который загрузил файл',
  `filename` varchar(255) CHARACTER SET utf8 COLLATE utf8_unicode_ci NOT NULL COMMENT 'Путь к файлу',
  `size` int NOT NULL COMMENT 'Размер файла',
  `metadata` json DEFAULT NULL,
  `media_type_id` int unsigned NOT NULL COMMENT 'Ссылка на тип контента',
  `created_at` datetime DEFAULT CURRENT_TIMESTAMP COMMENT 'Время создания строки',
  `updated_at` datetime DEFAULT CURRENT_TIMESTAMP ON UPDATE CURRENT_TIMESTAMP COMMENT 'Время обновления строки',
  PRIMARY KEY (`id`),
  CONSTRAINT `media_chk_1` CHECK (json_valid(`metadata`))
) ENGINE=InnoDB AUTO_INCREMENT=194 DEFAULT CHARSET=utf8 COLLATE=utf8_unicode_ci;
/*!40101 SET character_set_client = @saved_cs_client */;

--
-- Dumping data for table `media`
--

LOCK TABLES `media` WRITE;
/*!40000 ALTER TABLE `media` DISABLE KEYS */;
INSERT INTO `media` VALUES (101,70,'http://dropbox.net/vk/consequaturHomenick.png',4439,'{\"owner\": \"Royce McClure\"}',1,'1974-07-22 12:30:02','2020-10-23 14:55:00'),(102,40,'http://dropbox.net/vk/quasiHayes.jpeg',509315,'{\"owner\": \"Shana Waelchi\"}',3,'2007-11-16 19:27:15','2020-10-23 15:05:25'),(103,87,'http://dropbox.net/vk/quiFeil.jpeg',586184309,'{\"owner\": \"Akeem Stoltenberg\"}',1,'2004-03-28 02:13:28','2020-10-23 15:05:25'),(104,17,'http://dropbox.net/vk/isteDuBuque.avi',153237,'{\"owner\": \"Pascale Quigley\"}',1,'1984-03-15 17:08:59','2020-10-23 15:05:25'),(105,25,'http://dropbox.net/vk/laboriosamReichert.avi',228240,'{\"owner\": \"Julio Bergnaum\"}',3,'1996-06-24 10:47:07','2020-10-23 15:05:25'),(106,71,'http://dropbox.net/vk/utBins.jpeg',737165,'{\"owner\": \"Carole Hayes\"}',2,'1975-06-20 15:44:49','2020-10-23 15:05:25'),(107,81,'http://dropbox.net/vk/voluptasSchaefer.jpeg',253792,'{\"owner\": \"Lowell Mraz\"}',1,'1988-05-12 18:13:11','2020-10-23 15:05:25'),(108,89,'http://dropbox.net/vk/enimWehner.jpeg',27278609,'{\"owner\": \"Lucienne Reinger\"}',1,'2009-11-20 14:42:01','2020-10-23 15:05:25'),(109,4,'http://dropbox.net/vk/commodiTowne.avi',90666,'{\"owner\": \"Abbey Weimann\"}',2,'2017-02-18 03:12:13','2020-10-23 15:05:25'),(110,53,'http://dropbox.net/vk/doloresCole.jpeg',94313,'{\"owner\": \"Opal Dickens\"}',2,'1982-12-26 06:42:11','2020-10-23 15:05:25'),(111,51,'http://dropbox.net/vk/idBergnaum.jpeg',369528,'{\"owner\": \"Jarrod Wunsch\"}',3,'1983-07-14 14:45:49','2020-10-23 15:05:25'),(112,94,'http://dropbox.net/vk/etRussel.png',174732,'{\"owner\": \"Dianna Stamm\"}',1,'1974-10-13 22:12:03','2020-10-23 15:05:25'),(113,19,'http://dropbox.net/vk/quiaFahey.avi',671489,'{\"owner\": \"Travon Grimes\"}',2,'1984-07-27 16:35:49','2020-10-23 15:05:25'),(114,10,'http://dropbox.net/vk/sequiMuller.mpeg',9630,'{\"owner\": \"Kelton Willms\"}',3,'1971-05-20 22:57:14','2020-10-23 15:05:25'),(115,93,'http://dropbox.net/vk/deseruntMraz.png',9372241,'{\"owner\": \"Maiya Bergnaum\"}',2,'1972-06-08 08:26:03','2020-10-23 15:05:25'),(116,35,'http://dropbox.net/vk/minimaRoob.png',68707819,'{\"owner\": \"Wilfredo Cole\"}',3,'1974-11-15 13:57:36','2020-10-23 15:05:25'),(117,95,'http://dropbox.net/vk/delenitiWeimann.jpeg',662726,'{\"owner\": \"Eden Weimann\"}',2,'2006-07-09 15:04:49','2020-10-23 15:05:25'),(118,70,'http://dropbox.net/vk/praesentiumLeannon.png',5306659,'{\"owner\": \"Royce McClure\"}',3,'2019-09-21 23:11:38','2020-10-23 15:05:25'),(119,63,'http://dropbox.net/vk/utShanahan.png',289164,'{\"owner\": \"Dwight Heller\"}',1,'2013-02-09 22:35:22','2020-10-23 15:05:25'),(120,5,'http://dropbox.net/vk/evenietRenner.png',447643,'{\"owner\": \"Loma Kris\"}',2,'2005-02-03 16:36:01','2020-10-23 15:05:25'),(121,36,'http://dropbox.net/vk/doloresSchimmel.jpeg',8977903,'{\"owner\": \"Lacy Gottlieb\"}',2,'2013-01-16 03:35:05','2020-10-23 15:05:25'),(122,66,'http://dropbox.net/vk/eumFriesen.jpeg',483422,'{\"owner\": \"Dora Kautzer\"}',1,'1970-12-12 10:02:09','2020-10-23 15:05:25'),(123,21,'http://dropbox.net/vk/sintVon.avi',360724,'{\"owner\": \"Mafalda Torp\"}',1,'1997-09-20 09:16:20','2020-10-23 15:05:25'),(124,5,'http://dropbox.net/vk/sedQuigley.mpeg',11966222,'{\"owner\": \"Loma Kris\"}',2,'2018-11-22 02:10:45','2020-10-23 15:05:25'),(125,60,'http://dropbox.net/vk/eosCole.avi',450691,'{\"owner\": \"Waylon Heathcote\"}',1,'1977-10-27 15:23:44','2020-10-23 15:05:25'),(126,87,'http://dropbox.net/vk/sitThompson.png',161284,'{\"owner\": \"Akeem Stoltenberg\"}',2,'1983-10-27 02:16:46','2020-10-23 15:05:25'),(127,53,'http://dropbox.net/vk/adipisciShanahan.jpeg',322735,'{\"owner\": \"Opal Dickens\"}',2,'2003-01-29 03:42:00','2020-10-23 15:05:25'),(128,3,'http://dropbox.net/vk/nobisReinger.jpeg',8939394,'{\"owner\": \"Danika Wisozk\"}',3,'1981-04-20 04:07:46','2020-10-23 15:05:25'),(129,55,'http://dropbox.net/vk/aQuigley.png',444345,'{\"owner\": \"Abdullah Grimes\"}',1,'1970-05-04 03:14:39','2020-10-23 15:05:25'),(130,67,'http://dropbox.net/vk/quisWalter.jpeg',33061,'{\"owner\": \"Minnie Leannon\"}',2,'1991-10-07 07:43:09','2020-10-23 15:05:25'),(131,70,'http://dropbox.net/vk/estWalter.avi',248521859,'{\"owner\": \"Royce McClure\"}',3,'1974-10-14 11:56:29','2020-10-23 15:05:25'),(132,50,'http://dropbox.net/vk/esseFadel.mpeg',3200915,'{\"owner\": \"Sofia Bergnaum\"}',2,'1983-04-29 13:16:01','2020-10-23 15:05:25'),(133,37,'http://dropbox.net/vk/doloremqueKautzer.png',228130,'{\"owner\": \"Phoebe Zboncak\"}',1,'1996-04-29 03:10:29','2020-10-23 15:05:25'),(134,36,'http://dropbox.net/vk/etKuphal.mpeg',545176710,'{\"owner\": \"Lacy Gottlieb\"}',3,'1972-02-02 09:16:00','2020-10-23 15:05:25'),(135,66,'http://dropbox.net/vk/accusantiumJohns.mpeg',509157,'{\"owner\": \"Dora Kautzer\"}',2,'1970-05-10 01:11:26','2020-10-23 15:05:25'),(136,22,'http://dropbox.net/vk/consequunturGrimes.avi',727876,'{\"owner\": \"Jamar Johns\"}',1,'2001-12-09 19:51:45','2020-10-23 15:05:25'),(137,12,'http://dropbox.net/vk/cumqueBradtke.png',45845,'{\"owner\": \"Diego Jacobson\"}',3,'2004-06-29 16:58:39','2020-10-23 15:05:25'),(138,94,'http://dropbox.net/vk/autQuigley.mpeg',8788650,'{\"owner\": \"Dianna Stamm\"}',3,'1970-01-16 08:10:10','2020-10-23 15:05:25'),(139,34,'http://dropbox.net/vk/quisWilliamson.mpeg',5995,'{\"owner\": \"Letitia Cartwright\"}',1,'2003-06-04 08:39:56','2020-10-23 15:05:25'),(140,87,'http://dropbox.net/vk/veritatisWalter.jpeg',5732175,'{\"owner\": \"Akeem Stoltenberg\"}',2,'1972-10-20 07:30:59','2020-10-23 15:05:25'),(141,33,'http://dropbox.net/vk/sitKoelpin.avi',296346,'{\"owner\": \"Ahmad Wyman\"}',3,'1976-09-13 20:33:50','2020-10-23 15:05:25'),(142,4,'http://dropbox.net/vk/estJacobson.avi',873011467,'{\"owner\": \"Abbey Weimann\"}',3,'1980-02-29 23:02:38','2020-10-23 15:05:25'),(143,19,'http://dropbox.net/vk/doloreKulas.png',26095,'{\"owner\": \"Travon Grimes\"}',1,'1983-11-08 05:48:01','2020-10-23 15:05:25'),(144,83,'http://dropbox.net/vk/aliquidHomenick.avi',6941276,'{\"owner\": \"Enrico Von\"}',1,'1987-10-27 16:15:53','2020-10-23 15:05:25'),(145,56,'http://dropbox.net/vk/accusantiumKoelpin.avi',9479,'{\"owner\": \"Price West\"}',3,'2014-01-31 19:54:25','2020-10-23 15:05:25'),(146,31,'http://dropbox.net/vk/oditKautzer.mpeg',638534984,'{\"owner\": \"Jarred Schimmel\"}',2,'1970-04-24 02:47:48','2020-10-23 15:05:25'),(147,88,'http://dropbox.net/vk/atqueJohns.png',268246,'{\"owner\": \"Ines Schowalter\"}',2,'2001-08-25 19:02:21','2020-10-23 15:05:25'),(148,45,'http://dropbox.net/vk/etRutherford.avi',288100,'{\"owner\": \"Callie Bradtke\"}',3,'2019-02-20 14:52:49','2020-10-23 15:05:25'),(149,62,'http://dropbox.net/vk/exHeathcote.png',430910,'{\"owner\": \"Augusta Wehner\"}',3,'1976-05-04 15:10:36','2020-10-23 15:05:25'),(150,75,'http://dropbox.net/vk/quiHayes.png',541463,'{\"owner\": \"Beaulah Rolfson\"}',3,'2001-03-01 09:03:44','2020-10-23 15:05:25'),(151,89,'http://dropbox.net/vk/nemoMuller.avi',75505524,'{\"owner\": \"Lucienne Reinger\"}',3,'1992-11-23 17:47:47','2020-10-23 15:05:25'),(152,19,'http://dropbox.net/vk/utWilliamson.avi',544791713,'{\"owner\": \"Travon Grimes\"}',1,'1991-10-30 13:18:33','2020-10-23 15:05:25'),(153,27,'http://dropbox.net/vk/quaeStehr.jpeg',833015,'{\"owner\": \"Mathias Yundt\"}',3,'1986-05-19 05:11:17','2020-10-23 15:05:25'),(154,79,'http://dropbox.net/vk/quodWunsch.avi',336711,'{\"owner\": \"Amalia Muller\"}',3,'2020-07-31 13:48:40','2020-10-23 15:05:25'),(155,11,'http://dropbox.net/vk/molestiaeYundt.jpeg',5506,'{\"owner\": \"Neoma Koelpin\"}',1,'2002-02-06 14:06:31','2020-10-23 15:05:25'),(156,20,'http://dropbox.net/vk/nonHayes.jpeg',68678,'{\"owner\": \"Mackenzie Hoppe\"}',2,'1977-04-26 17:16:22','2020-10-23 15:05:25'),(157,66,'http://dropbox.net/vk/voluptatemBorer.png',6791194,'{\"owner\": \"Dora Kautzer\"}',3,'1989-08-23 07:34:11','2020-10-23 15:05:25'),(158,70,'http://dropbox.net/vk/voluptasBradtke.mpeg',5503,'{\"owner\": \"Royce McClure\"}',3,'2007-07-10 16:59:50','2020-10-23 15:05:25'),(159,50,'http://dropbox.net/vk/itaqueRenner.mpeg',530688,'{\"owner\": \"Sofia Bergnaum\"}',2,'1992-06-19 11:35:04','2020-10-23 15:05:25'),(160,38,'http://dropbox.net/vk/doloreFadel.mpeg',144394,'{\"owner\": \"Felicity Fahey\"}',1,'2002-10-18 03:19:51','2020-10-23 15:05:25'),(161,42,'http://dropbox.net/vk/aspernaturHeathcote.avi',119909,'{\"owner\": \"Maybelle Hand\"}',2,'2007-06-18 21:57:14','2020-10-23 15:05:25'),(162,93,'http://dropbox.net/vk/consequaturBernier.mpeg',156360,'{\"owner\": \"Maiya Bergnaum\"}',2,'1984-10-28 08:58:23','2020-10-23 15:05:25'),(163,41,'http://dropbox.net/vk/suntJohns.avi',693824,'{\"owner\": \"Gene Hodkiewicz\"}',3,'2006-06-28 16:39:25','2020-10-23 15:05:25'),(164,25,'http://dropbox.net/vk/estSkiles.mpeg',549530449,'{\"owner\": \"Julio Bergnaum\"}',3,'1972-10-20 18:40:38','2020-10-23 15:05:25'),(165,1,'http://dropbox.net/vk/eumMraz.avi',412077,'{\"owner\": \"Tyson Fadel\"}',2,'1980-02-24 03:34:15','2020-10-23 15:05:25'),(166,32,'http://dropbox.net/vk/quidemEffertz.avi',70024,'{\"owner\": \"Steve Reichert\"}',3,'2007-08-31 22:08:12','2020-10-23 15:05:25'),(167,54,'http://dropbox.net/vk/placeatMuller.mpeg',581303,'{\"owner\": \"Leopold Nicolas\"}',2,'1971-10-22 10:11:29','2020-10-23 15:05:25'),(168,72,'http://dropbox.net/vk/quibusdamReilly.avi',88765,'{\"owner\": \"Kevin Osinski\"}',1,'1989-06-04 20:44:17','2020-10-23 15:05:25'),(169,100,'http://dropbox.net/vk/similiqueLangosh.png',660284,'{\"owner\": \"Jamir Shanahan\"}',2,'1971-03-25 12:40:42','2020-10-23 15:05:25'),(170,83,'http://dropbox.net/vk/sedCartwright.png',25163,'{\"owner\": \"Enrico Von\"}',3,'2006-07-28 03:45:09','2020-10-23 15:05:25'),(171,13,'http://dropbox.net/vk/utEmard.jpeg',8423,'{\"owner\": \"Tatyana Effertz\"}',2,'1993-08-20 20:10:15','2020-10-23 15:05:25'),(172,17,'http://dropbox.net/vk/dolorSchimmel.mpeg',547513,'{\"owner\": \"Pascale Quigley\"}',2,'1974-12-09 01:42:46','2020-10-23 15:05:25'),(173,46,'http://dropbox.net/vk/quiaBergnaum.png',746714,'{\"owner\": \"Ashleigh Borer\"}',3,'1972-11-06 18:10:37','2020-10-23 15:05:25'),(174,79,'http://dropbox.net/vk/omnisBradtke.jpeg',81029,'{\"owner\": \"Amalia Muller\"}',3,'1984-10-25 04:11:34','2020-10-23 15:05:25'),(175,56,'http://dropbox.net/vk/utOlson.jpeg',400072,'{\"owner\": \"Price West\"}',2,'1994-05-21 19:55:21','2020-10-23 15:05:25'),(176,41,'http://dropbox.net/vk/inTurcotte.png',155005,'{\"owner\": \"Gene Hodkiewicz\"}',2,'1978-04-22 00:35:55','2020-10-23 15:05:25'),(177,37,'http://dropbox.net/vk/doloremDietrich.mpeg',521939,'{\"owner\": \"Phoebe Zboncak\"}',1,'2007-12-19 19:54:52','2020-10-23 15:05:25'),(178,64,'http://dropbox.net/vk/velitHoppe.png',968151,'{\"owner\": \"Eryn Dietrich\"}',3,'1987-09-24 22:07:22','2020-10-23 15:05:25'),(179,6,'http://dropbox.net/vk/dignissimosOsinski.png',3443030,'{\"owner\": \"Madalyn Howell\"}',3,'2020-10-07 07:58:54','2020-10-23 15:05:25'),(180,38,'http://dropbox.net/vk/doloresWilliamson.jpeg',134679,'{\"owner\": \"Felicity Fahey\"}',3,'1989-03-16 01:04:31','2020-10-23 15:05:25'),(181,71,'http://dropbox.net/vk/voluptatumCrooks.mpeg',97578,'{\"owner\": \"Carole Hayes\"}',1,'1990-01-24 18:38:29','2020-10-23 15:05:25'),(182,41,'http://dropbox.net/vk/quiaQuigley.jpeg',73856,'{\"owner\": \"Gene Hodkiewicz\"}',1,'2013-01-05 00:06:55','2020-10-23 15:05:25'),(183,93,'http://dropbox.net/vk/etTurcotte.avi',79186143,'{\"owner\": \"Maiya Bergnaum\"}',2,'2004-01-03 15:40:04','2020-10-23 15:05:25'),(184,39,'http://dropbox.net/vk/doloresSchimmel.mpeg',5730578,'{\"owner\": \"Cody Sipes\"}',2,'1991-07-13 05:37:10','2020-10-23 15:05:25'),(185,15,'http://dropbox.net/vk/etJohns.mpeg',920187071,'{\"owner\": \"Christy Williamson\"}',3,'1993-01-22 10:43:01','2020-10-23 15:05:25'),(186,57,'http://dropbox.net/vk/ullamHettinger.mpeg',66544,'{\"owner\": \"Rahsaan Turcotte\"}',3,'2003-10-30 15:31:11','2020-10-23 15:05:25'),(187,41,'http://dropbox.net/vk/necessitatibusHettinger.avi',48359600,'{\"owner\": \"Gene Hodkiewicz\"}',3,'2017-07-05 14:02:53','2020-10-23 15:05:25'),(188,32,'http://dropbox.net/vk/reiciendisKuphal.png',101155,'{\"owner\": \"Steve Reichert\"}',2,'1984-07-08 10:28:57','2020-10-23 15:05:25'),(189,37,'http://dropbox.net/vk/consequaturTowne.png',792242303,'{\"owner\": \"Phoebe Zboncak\"}',3,'2006-05-07 05:35:19','2020-10-23 15:05:25'),(190,90,'http://dropbox.net/vk/corporisDicki.mpeg',670069,'{\"owner\": \"Carlie Olson\"}',1,'2001-05-13 16:59:17','2020-10-23 15:05:25'),(191,37,'http://dropbox.net/vk/utBorer.jpeg',296143,'{\"owner\": \"Phoebe Zboncak\"}',1,'1988-09-23 10:23:15','2020-10-23 15:05:25'),(192,17,'http://dropbox.net/vk/sintLegros.mpeg',5295996,'{\"owner\": \"Pascale Quigley\"}',3,'2019-01-19 03:16:40','2020-10-23 15:05:25'),(193,72,'http://dropbox.net/vk/solutaKuphal.png',722274,'{\"owner\": \"Kevin Osinski\"}',2,'1983-05-27 13:06:27','2020-10-23 15:05:25');
/*!40000 ALTER TABLE `media` ENABLE KEYS */;
UNLOCK TABLES;

--
-- Table structure for table `media_types`
--

DROP TABLE IF EXISTS `media_types`;
/*!40101 SET @saved_cs_client     = @@character_set_client */;
/*!50503 SET character_set_client = utf8mb4 */;
CREATE TABLE `media_types` (
  `id` int unsigned NOT NULL AUTO_INCREMENT,
  `name` varchar(255) CHARACTER SET utf8 COLLATE utf8_unicode_ci NOT NULL COMMENT 'Название типа',
  `created_at` datetime DEFAULT CURRENT_TIMESTAMP COMMENT 'Время создания строки',
  `updated_at` datetime DEFAULT CURRENT_TIMESTAMP ON UPDATE CURRENT_TIMESTAMP COMMENT 'Время обновления строки',
  PRIMARY KEY (`id`),
  UNIQUE KEY `name` (`name`)
) ENGINE=InnoDB AUTO_INCREMENT=4 DEFAULT CHARSET=utf8 COLLATE=utf8_unicode_ci;
/*!40101 SET character_set_client = @saved_cs_client */;

--
-- Dumping data for table `media_types`
--

LOCK TABLES `media_types` WRITE;
/*!40000 ALTER TABLE `media_types` DISABLE KEYS */;
INSERT INTO `media_types` VALUES (1,'photo','2020-10-23 14:57:30','2020-10-23 14:57:30'),(2,'video','2020-10-23 14:57:30','2020-10-23 14:57:30'),(3,'audio','2020-10-23 14:57:30','2020-10-23 14:57:30');
/*!40000 ALTER TABLE `media_types` ENABLE KEYS */;
UNLOCK TABLES;

--
-- Table structure for table `messages`
--

DROP TABLE IF EXISTS `messages`;
/*!40101 SET @saved_cs_client     = @@character_set_client */;
/*!50503 SET character_set_client = utf8mb4 */;
CREATE TABLE `messages` (
  `id` int unsigned NOT NULL AUTO_INCREMENT,
  `from_user_id` int unsigned NOT NULL COMMENT 'Ссылка на отпрафителя сообщения',
  `to_user_id` int unsigned NOT NULL COMMENT 'ССылка на получателя сообщения',
  `body` text CHARACTER SET utf8 COLLATE utf8_unicode_ci NOT NULL COMMENT 'Тккст сообщения',
  `is_important` tinyint(1) DEFAULT NULL COMMENT 'Признак важности',
  `is_delivered` tinyint(1) DEFAULT NULL COMMENT 'Признак доставки',
  `created_at` datetime DEFAULT CURRENT_TIMESTAMP COMMENT 'Время создания строки',
  `updated_at` datetime DEFAULT CURRENT_TIMESTAMP ON UPDATE CURRENT_TIMESTAMP COMMENT 'Время обновления строки',
  PRIMARY KEY (`id`)
) ENGINE=InnoDB AUTO_INCREMENT=101 DEFAULT CHARSET=utf8 COLLATE=utf8_unicode_ci;
/*!40101 SET character_set_client = @saved_cs_client */;

--
-- Dumping data for table `messages`
--

LOCK TABLES `messages` WRITE;
/*!40000 ALTER TABLE `messages` DISABLE KEYS */;
INSERT INTO `messages` VALUES (1,33,60,'Doloribus aut illo culpa omnis modi. Rerum provident in eos eius id molestiae minima. Illo voluptatem quia placeat qui optio sed. Officia et debitis nihil fuga similique.',1,0,'1989-05-30 00:59:17','2020-10-23 14:36:30'),(2,4,38,'Rerum facilis quo omnis dolores tempore explicabo. Sed modi officiis nisi voluptatem. Nobis maxime aspernatur delectus quia deleniti asperiores ad.',1,1,'1985-09-29 06:05:58','2020-10-23 14:36:30'),(3,77,70,'Explicabo et ipsa modi quis ea reiciendis beatae. Unde ea temporibus eveniet quos provident est. Non omnis nemo numquam omnis corporis. Laborum optio animi officiis suscipit atque autem saepe et.',0,1,'2005-07-26 14:13:19','2020-10-23 14:36:30'),(4,18,80,'Ea et quas commodi officia non eligendi rerum. Ut quo eos ducimus ipsam consequatur dicta. Repudiandae est ratione consequatur quis eos omnis. Vel dolore quibusdam tempora.',0,0,'1990-06-23 15:32:59','2020-10-23 14:36:30'),(5,46,90,'Harum id et consequatur omnis. Quaerat rerum quam temporibus eius ut voluptas autem. Adipisci accusamus ut saepe et temporibus nihil.',1,0,'2001-11-15 07:01:37','2020-10-23 14:36:30'),(6,12,89,'Assumenda quod quidem sed dicta ad eveniet. Quia aut quaerat voluptatem et. Et sunt commodi non cumque itaque temporibus. In dolores facilis molestiae facilis est. Facere est excepturi recusandae dignissimos placeat.',1,0,'2014-07-02 09:40:19','2020-10-23 14:36:30'),(7,7,70,'Minus voluptas est aliquam eveniet eligendi molestias praesentium beatae. Molestiae aperiam est facere blanditiis inventore. Harum consequuntur enim amet soluta commodi omnis sit ipsam. Ut perspiciatis et natus odio sit.',1,1,'1984-04-05 01:01:45','2020-10-23 14:36:30'),(8,28,30,'Quaerat numquam dolorum ut eveniet. Et odit ipsa earum vitae impedit porro aliquam. Assumenda hic facere reprehenderit non. Totam sunt est blanditiis commodi qui corrupti.',1,1,'2014-08-08 10:40:30','2020-10-23 14:36:30'),(9,67,42,'Sed non delectus quis molestiae sapiente et aspernatur aliquam. Est ullam vitae rerum consequuntur sed commodi. Eum accusantium est voluptas. Cum eius rem natus fugiat dolorem nihil.',0,0,'2012-06-04 22:09:45','2020-10-23 14:36:30'),(10,11,29,'Possimus pariatur recusandae officia dicta modi vitae quia. Officia consequuntur optio labore consectetur. Voluptatem praesentium ut eaque ut. Suscipit unde quisquam dicta enim soluta tenetur.',0,0,'1989-03-29 08:43:24','2020-10-23 14:36:30'),(11,9,60,'Ipsum officiis molestiae et libero repellat deleniti velit. Est porro itaque rerum aut accusantium. Dicta atque et voluptate sunt.',0,0,'1971-10-30 14:04:01','2020-10-23 14:36:30'),(12,69,67,'Quia et autem molestias molestias et sint dolorum. Ex ratione sequi blanditiis non aut a amet. Nostrum autem non est adipisci veritatis ex nulla. Sint officiis dolores sit vitae ullam.',0,1,'1988-11-07 13:43:34','2020-10-23 14:36:30'),(13,29,40,'Esse quia similique minima inventore veniam enim. A nihil dolores impedit nostrum. Accusamus temporibus quae perspiciatis eligendi aliquid.',1,1,'2009-05-19 21:48:29','2020-10-23 14:36:30'),(14,14,48,'Assumenda dolorum magnam error magni. Laborum unde accusantium ipsum laborum quam dolor. Placeat omnis magnam sunt iure saepe sit aut.',1,0,'2011-03-07 03:45:01','2020-10-23 14:36:30'),(15,100,55,'Assumenda consequatur dolore molestiae eum corrupti. Voluptatem voluptatibus nisi doloremque quia ab aut cumque. Reprehenderit eligendi tempora autem sit eum.',0,0,'1997-02-12 19:24:11','2020-10-23 14:36:30'),(16,72,97,'Illum dolorem sunt expedita in libero. Iure maiores aliquam quam velit. Ut at soluta quod laborum qui. Explicabo assumenda consequatur magnam corrupti.',0,1,'2011-10-11 01:57:40','2020-10-23 14:36:30'),(17,69,52,'Laborum ad tenetur velit nemo consequatur repellendus illo. Laborum molestias repellat voluptatem est. Minus ullam blanditiis tempora quis animi quidem cumque. Enim expedita omnis aspernatur ut harum quaerat nihil. Sit sint aut voluptatem ipsa perferendis nostrum eius autem.',1,0,'1992-01-16 03:07:27','2020-10-23 14:36:30'),(18,51,100,'Tenetur voluptatem praesentium non ipsum. Odit dolorem quia quos ipsam. Dolores ducimus animi quibusdam. Et quos ut hic.',1,0,'1970-11-29 14:53:53','2020-10-23 14:36:30'),(19,48,40,'Ullam asperiores quis repellat possimus. Quas ducimus id voluptatum tempora odit. Sit deserunt ad aut unde blanditiis voluptatem consequuntur non. Eum praesentium optio placeat sapiente velit et.',0,1,'2000-05-09 13:13:41','2020-10-23 14:36:30'),(20,53,44,'Voluptas voluptatem molestiae blanditiis aut. Earum quo molestiae asperiores velit quod nesciunt voluptas quidem. Possimus in qui ipsa veniam quia impedit eos.',1,0,'1972-09-30 17:19:32','2020-10-23 14:36:30'),(21,61,75,'Minus velit dolor cupiditate blanditiis quibusdam natus. Dolore in ipsam et corrupti est quo. Dolor accusantium veniam pariatur delectus expedita.',1,0,'2011-04-10 23:52:43','2020-10-23 14:36:30'),(22,89,21,'Adipisci veniam pariatur consequuntur quos et libero quis. Incidunt qui quos incidunt et. Aut et magni cupiditate et numquam. Ea error quia harum earum qui.',1,0,'1992-02-21 06:21:22','2020-10-23 14:36:30'),(23,36,17,'Hic quasi est eum ut voluptatum delectus. Ut hic minus et. Quidem dolore eligendi ut optio laborum a dignissimos et.',0,0,'2014-07-30 18:41:15','2020-10-23 14:36:30'),(24,76,28,'Quo odit doloribus enim voluptatum nesciunt molestias. Eveniet quia eveniet voluptates. Nobis commodi possimus repellat nobis quia aut facilis. Reiciendis exercitationem magni sed.',0,1,'1990-07-15 23:33:23','2020-10-23 14:36:30'),(25,14,84,'Nihil blanditiis eaque unde in corrupti iusto ab. Sit corporis ut optio fugiat est consequatur nobis. Autem nulla ut atque.',0,1,'2014-09-28 10:39:59','2020-10-23 14:36:30'),(26,76,30,'Commodi assumenda dignissimos quisquam maiores beatae iusto repellendus. Iusto autem cupiditate nemo. Architecto officiis hic officiis rerum. Similique corporis ut accusamus omnis at possimus illo.',1,1,'1990-09-09 15:25:02','2020-10-23 14:36:30'),(27,19,4,'Exercitationem libero assumenda neque facilis provident minima architecto. Fuga sit voluptatem enim non suscipit et.',0,1,'2006-10-24 08:12:34','2020-10-23 14:36:30'),(28,66,14,'Aut et molestiae consequatur ab officiis. Odit doloribus beatae fuga provident. Veniam vel porro eum commodi quia.',1,1,'2006-05-20 07:27:39','2020-10-23 14:36:30'),(29,74,29,'Tenetur debitis impedit omnis non. Omnis quisquam voluptatem ut aliquam cumque. Vitae officiis corporis dignissimos est sint. Est qui delectus aut est eligendi.',0,1,'1984-10-13 21:19:29','2020-10-23 14:36:30'),(30,19,10,'Provident voluptates dolorum asperiores. Assumenda quis eos ut enim. Iure est vel esse quisquam amet. Ut pariatur iusto voluptatem velit est.',1,0,'2018-02-06 06:10:37','2020-10-23 14:36:30'),(31,93,35,'Ducimus tempore quia ipsum. Cumque beatae architecto et vitae eum dolore. Eius ullam inventore rerum at quis.',1,0,'1978-11-27 01:07:30','2020-10-23 14:36:30'),(32,95,68,'Tempore velit et voluptatem velit amet rerum quia. Ut tempora praesentium rem consequatur nulla enim. Atque non veniam ut minus alias nesciunt odio. Asperiores exercitationem repudiandae nobis dolor ut omnis exercitationem in.',1,1,'1974-07-20 19:06:52','2020-10-23 14:36:30'),(33,55,69,'Atque cumque omnis nobis esse error repellendus nemo. Id maiores ab possimus velit ut eligendi tempore ullam. Et perspiciatis rerum nemo ducimus excepturi. Doloremque pariatur dolorum dolores iusto tempora suscipit.',0,0,'2012-07-01 20:43:56','2020-10-23 14:36:30'),(34,82,2,'Magnam quae ad voluptatem architecto officiis possimus. Vitae recusandae et fuga repudiandae sit. Reprehenderit sunt minus est molestias tempore reiciendis dolorem.',0,0,'1983-07-01 07:46:18','2020-10-23 14:36:30'),(35,61,2,'Praesentium officia numquam itaque molestiae iusto culpa non. Incidunt ipsum vel consectetur asperiores. Ab est corrupti aperiam alias quia dignissimos in voluptate.',0,1,'2016-03-15 21:12:30','2020-10-23 14:36:30'),(36,23,10,'Numquam quis non eum ea qui id. Eum dolorem corrupti qui aliquam alias nobis autem. Perferendis ad non veniam mollitia iure alias.',0,0,'2018-08-03 18:40:05','2020-10-23 14:36:30'),(37,81,76,'Tempore quidem pariatur qui alias quidem. Et in quo non voluptates laudantium. Eius assumenda doloribus nihil necessitatibus.',1,1,'1973-05-16 08:23:57','2020-10-23 14:36:30'),(38,34,44,'Dolorem minima voluptas eos at. Perferendis ut qui voluptatem quam sit dolorum. Adipisci est error cumque consequuntur dicta labore.',0,0,'2003-04-03 22:44:49','2020-10-23 14:36:30'),(39,16,48,'Dicta ab laboriosam fugiat sunt esse eius tempore. Incidunt expedita facere dignissimos temporibus pariatur. Dicta molestiae inventore explicabo ab. Eaque architecto soluta voluptatem et.',0,0,'2017-07-18 00:28:55','2020-10-23 14:36:30'),(40,91,12,'Consequatur hic repellendus consectetur repellendus rerum. Eveniet ex accusamus qui molestiae. Quis sed excepturi blanditiis. Sint quo perferendis delectus dolorum laboriosam ut.',0,1,'1989-03-21 01:23:13','2020-10-23 14:36:30'),(41,87,99,'Vitae qui in aliquam qui natus. Corporis corrupti est et voluptatem. Dolorem cum adipisci et a tenetur veritatis qui. Aliquam numquam itaque sint quo eos odit. Vel porro enim tenetur inventore mollitia sed provident.',1,0,'2009-09-12 06:34:46','2020-10-23 14:36:30'),(42,32,63,'Dolores voluptatibus aut neque est et. Itaque eaque quas tempore aut. Aut et ullam eum. Sed totam earum veritatis sint. Repellendus sit ex error et.',1,1,'2014-01-30 05:23:50','2020-10-23 14:36:30'),(43,19,3,'Sed consequuntur nulla est aut nesciunt est non ipsa. Et voluptatem saepe quibusdam accusantium sequi minus vero. Ut quos quia officia voluptatibus voluptas eligendi officia. Nostrum vitae cupiditate at nisi temporibus iusto non.',1,0,'1975-05-07 03:36:08','2020-10-23 14:36:30'),(44,60,88,'Sed velit non in omnis fugit inventore. Necessitatibus omnis at aut molestiae. Enim exercitationem dolorum quis nemo. Et ratione voluptate repellat esse quos voluptas aut ea.',0,1,'1992-08-18 18:17:47','2020-10-23 14:36:30'),(45,60,35,'Aut qui consequatur consequuntur ducimus error esse nulla quis. Culpa quasi omnis expedita aut ab atque rem. Molestiae non placeat dolorem pariatur occaecati. Quia exercitationem ea expedita aspernatur alias eius.',0,0,'1974-02-03 18:22:12','2020-10-23 14:36:30'),(46,96,74,'Ab sapiente voluptatem dolores nobis. Corporis impedit sed est ut. Adipisci blanditiis quidem et qui eum voluptatem temporibus in. Aut adipisci doloremque sit omnis enim quibusdam ut.',0,1,'1977-08-01 08:22:26','2020-10-23 14:36:30'),(47,81,82,'Est odio pariatur quia ratione optio rerum. Aut fugiat est aut sit libero hic. Nihil culpa totam quia et ut.',1,0,'1977-11-22 04:44:58','2020-10-23 14:36:30'),(48,65,80,'Quos id eaque ut ut dolorem rerum iste. Excepturi molestiae quia est molestias ratione voluptatem eveniet. Iure sed sed eum ut asperiores eum. Nihil possimus ipsa molestiae harum ratione eum beatae vel. Nostrum officia quia nesciunt neque eum aut.',1,0,'1990-02-14 15:03:11','2020-10-23 14:36:30'),(49,4,81,'Velit libero quia accusantium explicabo in occaecati. Velit est dolor nisi nam iste enim suscipit non. Molestiae enim corrupti et est omnis velit maxime. Quia provident unde et sunt. Vero aut blanditiis sed et ut.',1,0,'2001-05-28 07:30:38','2020-10-23 14:36:30'),(50,93,19,'Consectetur necessitatibus sapiente et maiores ad aut. Soluta ex eum eum quia consequuntur iusto similique.',1,1,'1994-02-21 00:24:19','2020-10-23 14:36:30'),(51,18,30,'Ducimus id quia totam sunt. Harum nisi est ut rerum sed. Omnis aliquid autem asperiores atque. Voluptatibus voluptates est odit inventore.',1,1,'1996-03-12 02:58:31','2020-10-23 14:36:30'),(52,95,86,'Aut optio delectus accusantium laborum vitae quia. Accusamus excepturi id cumque exercitationem sit suscipit. Id voluptate vel accusamus. Ut incidunt aut labore.',0,1,'2016-08-05 13:27:37','2020-10-23 14:36:30'),(53,46,70,'Illum eum quibusdam debitis voluptatem voluptatem. Ut aut et praesentium sed repellendus debitis. Dolorem aperiam magni quam dolores. Ut eius repudiandae nesciunt id nobis.',1,0,'1988-06-30 09:18:36','2020-10-23 14:36:30'),(54,13,55,'Libero suscipit similique doloribus libero quia voluptas nam. Saepe itaque veritatis libero et qui. Consequatur explicabo sequi nam dolor architecto. Aut officiis dolore eum. Commodi voluptatum aut consequatur et error.',1,1,'2002-08-15 21:04:09','2020-10-23 14:36:30'),(55,36,15,'Iusto quaerat culpa suscipit aut eum ut. Illum magni aspernatur sunt assumenda. Aliquid ex provident dolorem ea. Amet eaque eos illo dolorum voluptas quis dicta. Exercitationem libero qui ut.',1,1,'2019-08-20 12:35:23','2020-10-23 14:36:30'),(56,66,83,'Sint nihil saepe aut enim. Voluptatem nisi libero cupiditate excepturi. At numquam vel praesentium fugiat.',0,0,'2003-03-22 21:58:33','2020-10-23 14:36:30'),(57,18,38,'Nobis odit numquam magni maxime aut ut voluptas ut. Numquam veniam sunt id tenetur. Est qui molestiae dolore nulla ut.',0,1,'1984-06-08 22:13:31','2020-10-23 14:36:30'),(58,37,70,'Et iure ea laboriosam quis nihil quidem. Vero nihil aut sequi amet. Est libero quam doloremque quibusdam tenetur. Placeat rerum totam corporis. Reiciendis inventore magnam aliquid qui error aut minus facilis.',1,1,'1990-10-20 16:17:01','2020-10-23 14:36:30'),(59,37,76,'Eos dolor veniam qui cupiditate facere. Quasi iusto hic harum reprehenderit. Dolor quasi aliquid fuga cum eveniet id est culpa. Nostrum voluptate consequatur illo esse quidem.',1,0,'1992-03-25 19:57:17','2020-10-23 14:36:30'),(60,67,7,'Excepturi illo repellendus eveniet laborum minima laboriosam aut hic. Tempora in itaque voluptatem quia. Corporis iure laborum harum ipsa officiis maiores. Quas aut quas quibusdam aut doloremque voluptas.',0,0,'2020-04-23 04:51:07','2020-10-23 14:36:30'),(61,33,45,'Rerum dignissimos asperiores optio consequatur ut molestiae dolorem. Accusamus debitis optio vero. Quidem consequatur doloremque sit cum pariatur voluptatum. Dignissimos nam ut labore molestias dolor.',0,0,'1983-04-10 07:14:35','2020-10-23 14:36:30'),(62,24,86,'Quas quia veritatis et incidunt est odit. Officia autem fugit quae fugit doloremque nobis et est.',0,0,'2008-06-14 00:23:16','2020-10-23 14:36:30'),(63,55,20,'Consequuntur quidem illo rem. Ut enim quis voluptas ut deserunt in est. Voluptate molestiae molestiae est sequi ut facere illo. Aut dolore animi debitis.',1,1,'1997-10-10 06:41:32','2020-10-23 14:36:30'),(64,31,98,'Et dolorem dolor id. Accusamus dolores fuga nihil qui fuga est at. Blanditiis ut maiores rerum.',1,1,'1995-04-07 12:14:57','2020-10-23 14:36:30'),(65,93,74,'Itaque in sed numquam et tempora. Quis explicabo unde quia magnam.',0,0,'2019-04-06 10:01:43','2020-10-23 14:36:30'),(66,87,16,'Debitis quasi occaecati veniam facere sit commodi. Nemo quo veritatis dolores ea qui. Autem dignissimos ipsam unde odit et quis.',1,1,'1985-01-23 04:10:22','2020-10-23 14:36:30'),(67,16,33,'Asperiores omnis dolor deleniti tempore dolorum. Sed est deleniti provident atque fuga. Officiis aut officiis laboriosam similique. Dolor pariatur aut voluptatem et mollitia.',0,0,'2001-06-14 21:20:43','2020-10-23 14:36:30'),(68,15,78,'Expedita ducimus voluptatem atque nam. Aut velit nihil necessitatibus quia nulla explicabo est. Doloremque aut omnis est illo debitis animi ut consequatur.',1,0,'1984-01-16 07:22:25','2020-10-23 14:36:30'),(69,44,86,'Ipsa fugit eveniet maiores est iure aliquid asperiores. Omnis qui perspiciatis modi odio ducimus officia.',1,0,'2013-06-16 08:12:57','2020-10-23 14:36:30'),(70,95,16,'Officiis ipsum dolor ducimus a aut. Eaque hic assumenda qui incidunt. Qui voluptas rerum dicta mollitia.',0,1,'1977-03-23 04:41:21','2020-10-23 14:36:30'),(71,97,36,'Autem voluptatem maxime quis non. Ut voluptatem officiis aut. Laboriosam unde facere qui quo. Labore consectetur aliquid voluptas et in aut.',1,1,'1981-05-05 07:35:48','2020-10-23 14:36:30'),(72,89,36,'Veniam qui ea magnam minima odit. Omnis magni totam adipisci quam nesciunt aperiam. Ea inventore corrupti nemo voluptas quis amet. Sapiente velit rerum voluptatibus.',1,1,'2010-01-14 10:07:20','2020-10-23 14:36:30'),(73,14,60,'Fuga fugiat iste consectetur est quisquam ipsam sit temporibus. Enim quam rem tempora dolor ipsam ipsa. Eos praesentium et atque doloribus at temporibus est.',1,0,'2004-05-04 16:20:28','2020-10-23 14:36:30'),(74,59,13,'Esse optio incidunt minima incidunt officia. Veritatis excepturi eveniet fugit molestias ut. Et earum amet voluptatum beatae et earum nam. Voluptatem deleniti alias aut. Consequuntur nihil et sed repellendus.',1,1,'1979-01-28 02:44:39','2020-10-23 14:36:30'),(75,89,5,'Omnis aliquid deleniti fugiat harum sunt tempore. Quia sint reprehenderit minus id. Voluptatibus doloremque accusamus inventore dolor et quisquam.',0,0,'1998-01-14 04:51:52','2020-10-23 14:36:30'),(76,57,69,'Voluptatum mollitia atque id quia ut. Optio culpa autem officia nihil earum est. Quos error voluptas et. Quo sit facere quia voluptatem excepturi voluptate error.',1,1,'1995-10-01 13:36:21','2020-10-23 14:36:30'),(77,73,60,'Molestias rem placeat dolor voluptatum adipisci qui. Omnis nobis dolorum dolores. Iure ratione similique quo voluptatem dolor.',0,1,'1984-05-11 06:17:13','2020-10-23 14:36:30'),(78,80,21,'Aut fuga iure perferendis quam. Eius similique consequatur sequi dolorem rerum. Deserunt dolores distinctio voluptatem qui odit rerum id. Et a enim dolores iste et atque doloremque. Assumenda est totam animi nihil nihil.',0,0,'2001-09-03 08:26:48','2020-10-23 14:36:30'),(79,63,51,'Occaecati fugiat consequatur voluptatem alias laudantium. Praesentium mollitia voluptatem omnis minus. Illum dicta nisi dolore ullam voluptatibus voluptatem. Architecto vero nemo quia id consequatur. Optio nulla rerum qui libero voluptatem.',1,0,'1991-05-16 12:39:58','2020-10-23 14:36:30'),(80,66,79,'Corrupti assumenda aut eius soluta. Odio unde suscipit labore repudiandae quia officiis voluptas in. Ad explicabo sit repellat cum architecto laboriosam. Vitae et quaerat ab inventore tempora sint.',0,1,'1997-01-26 18:15:22','2020-10-23 14:36:30'),(81,93,27,'Repudiandae dolor repellendus quas consequatur voluptate rem. Sequi facere et quae fuga.',0,1,'2004-07-08 05:15:11','2020-10-23 14:36:30'),(82,58,7,'Qui consequatur voluptatem dolore voluptas dolor quis cum facilis. Itaque dignissimos voluptate odit molestiae unde dolores dolorem. Magnam quam mollitia dolores sed illum deleniti maiores dolor.',0,1,'2009-10-21 06:23:17','2020-10-23 14:36:30'),(83,63,91,'Non ratione placeat ducimus provident aut quis omnis. Eligendi velit voluptatibus odit labore blanditiis. Vel saepe sed ipsa. Veniam ut impedit et laborum ut.',0,0,'2010-06-05 16:51:47','2020-10-23 14:36:30'),(84,65,53,'Et corrupti deserunt eum autem natus alias quam. Cum iure recusandae ex vel.',1,1,'2020-04-06 05:31:12','2020-10-23 14:36:30'),(85,68,83,'Similique aliquid fugit ipsa et dolores ratione. Similique qui explicabo hic velit occaecati laudantium magni.',1,1,'2020-08-31 10:32:05','2020-10-23 14:36:30'),(86,8,91,'Eum voluptatem quam atque. Delectus eum doloremque tenetur sunt quisquam et reiciendis. In et blanditiis et velit beatae.',0,1,'2007-06-28 09:47:30','2020-10-23 14:36:30'),(87,30,76,'Repellendus voluptas deserunt et molestiae libero. Ad maxime non distinctio nostrum sunt voluptatem. At sed quo quia rerum non fugiat ab.',0,0,'1973-05-19 21:13:03','2020-10-23 14:36:30'),(88,89,19,'Illum aut magni odio non occaecati explicabo quas. Eum impedit alias aperiam inventore recusandae. Quia ipsam esse voluptas delectus. Incidunt sed sed culpa voluptatem non quia sint.',1,1,'1992-05-05 18:07:17','2020-10-23 14:36:30'),(89,26,72,'Expedita vel minima enim magni et. Provident qui est ea consequatur delectus. Ipsum explicabo eveniet maiores quaerat eligendi qui.',1,0,'2000-09-14 21:36:15','2020-10-23 14:36:30'),(90,80,85,'Doloribus dolorum ab eius nam. Corporis impedit tenetur aut enim non rem possimus. Maxime est excepturi sit aut inventore et recusandae.',0,0,'2013-08-07 13:28:18','2020-10-23 14:36:30'),(91,83,60,'Vel praesentium et unde dolor. Distinctio saepe incidunt recusandae cumque harum fugit. Autem labore a quia blanditiis ullam. Tenetur molestiae omnis dolores ea.',1,1,'2015-09-17 02:34:29','2020-10-23 14:36:30'),(92,50,71,'Nemo molestiae vel doloribus. Nobis vero illum est maiores explicabo sit.',1,0,'1989-07-07 23:51:36','2020-10-23 14:36:30'),(93,4,6,'Et earum consequuntur ipsa est non sit. Quia tempora ipsam quis qui.',1,1,'1993-02-19 23:33:31','2020-10-23 14:36:30'),(94,16,62,'Saepe rerum suscipit assumenda eaque. Aut officia iste quo et dolores explicabo cupiditate. Est esse incidunt error velit quia minima.',0,0,'2008-01-01 18:39:25','2020-10-23 14:36:30'),(95,63,26,'Laudantium magnam necessitatibus tenetur porro dolor. Minus et id temporibus sint. Vel totam sunt ut omnis aperiam.',0,0,'1985-12-10 17:09:30','2020-10-23 14:36:30'),(96,44,39,'Pariatur dicta laudantium et qui. Voluptates molestiae magnam consequatur dolor ut asperiores. Eos consectetur consequuntur delectus laudantium omnis similique. Ut sunt saepe nobis. Sint voluptatum eos numquam sunt mollitia et.',1,0,'1988-04-24 16:19:22','2020-10-23 14:36:30'),(97,64,2,'Hic quo eveniet quis aut reiciendis id. Aut qui deleniti ut exercitationem explicabo repellendus rem. Dolore nihil voluptas dolorem quis. Exercitationem enim et harum autem et.',0,1,'1998-03-02 01:28:13','2020-10-23 14:36:30'),(98,17,78,'Numquam cum itaque commodi est maiores ullam. Laborum quia molestiae a distinctio ullam voluptas quis.',0,0,'1988-09-26 00:16:44','2020-10-23 14:36:30'),(99,40,64,'Amet vel nihil aut tenetur sunt. Asperiores quia error quia veniam. Expedita nostrum temporibus et est delectus veniam itaque. Voluptates quos qui nam.',0,0,'1973-09-24 15:03:00','2020-10-23 14:36:30'),(100,99,4,'In quo omnis nihil. Culpa sit voluptatibus ut eum fuga et. Id dolore praesentium dolor magni.',1,0,'2015-05-21 04:26:57','2020-10-23 14:36:30');
/*!40000 ALTER TABLE `messages` ENABLE KEYS */;
UNLOCK TABLES;

--
-- Table structure for table `profile_statuses`
--

DROP TABLE IF EXISTS `profile_statuses`;
/*!40101 SET @saved_cs_client     = @@character_set_client */;
/*!50503 SET character_set_client = utf8mb4 */;
CREATE TABLE `profile_statuses` (
  `id` int unsigned NOT NULL AUTO_INCREMENT,
  `name` varchar(30) NOT NULL COMMENT 'Название статуса',
  `created_at` datetime DEFAULT CURRENT_TIMESTAMP COMMENT 'Время создания строки',
  `updated_at` datetime DEFAULT CURRENT_TIMESTAMP ON UPDATE CURRENT_TIMESTAMP COMMENT 'Время обновление строки',
  PRIMARY KEY (`id`),
  UNIQUE KEY `name` (`name`)
) ENGINE=InnoDB DEFAULT CHARSET=utf8mb4 COLLATE=utf8mb4_0900_ai_ci;
/*!40101 SET character_set_client = @saved_cs_client */;

--
-- Dumping data for table `profile_statuses`
--

LOCK TABLES `profile_statuses` WRITE;
/*!40000 ALTER TABLE `profile_statuses` DISABLE KEYS */;
/*!40000 ALTER TABLE `profile_statuses` ENABLE KEYS */;
UNLOCK TABLES;

--
-- Table structure for table `profiles`
--

DROP TABLE IF EXISTS `profiles`;
/*!40101 SET @saved_cs_client     = @@character_set_client */;
/*!50503 SET character_set_client = utf8mb4 */;
CREATE TABLE `profiles` (
  `user_id` int unsigned NOT NULL COMMENT 'Ссылка на пользователя',
  `gender` enum('M','F') COLLATE utf8_unicode_ci NOT NULL,
  `birthday` date DEFAULT NULL,
  `photo_id` int unsigned DEFAULT NULL COMMENT 'Ссылка на основную фотографию пользовател',
  `status_id` int unsigned NOT NULL COMMENT 'Идентификатор статуса',
  `city_id` int unsigned NOT NULL COMMENT 'Идентификатор города проживания',
  `created_at` datetime DEFAULT CURRENT_TIMESTAMP COMMENT 'Время создания строки',
  `updated_at` datetime DEFAULT CURRENT_TIMESTAMP ON UPDATE CURRENT_TIMESTAMP COMMENT 'Время обновления строки',
  PRIMARY KEY (`user_id`)
) ENGINE=InnoDB DEFAULT CHARSET=utf8 COLLATE=utf8_unicode_ci;
/*!40101 SET character_set_client = @saved_cs_client */;

--
-- Dumping data for table `profiles`
--

LOCK TABLES `profiles` WRITE;
/*!40000 ALTER TABLE `profiles` DISABLE KEYS */;
INSERT INTO `profiles` VALUES (1,'M','1999-04-28',59,1,19,'1986-09-07 19:42:47','2020-10-23 14:23:15'),(2,'M','1985-07-14',92,2,49,'2009-03-01 17:52:48','2020-10-23 14:23:15'),(3,'M','2002-06-23',83,1,88,'2010-11-24 04:14:15','2020-10-23 14:23:15'),(4,'F','1981-04-04',39,1,95,'1995-01-24 11:18:23','2020-10-23 14:23:15'),(5,'F','1975-10-02',45,3,7,'2013-05-09 11:37:58','2020-10-23 14:23:15'),(6,'F','1984-03-30',6,1,53,'1992-08-14 11:17:31','2020-10-23 14:23:15'),(7,'F','1990-05-14',94,1,41,'1992-03-08 11:16:09','2020-10-23 14:23:15'),(8,'M','2003-07-26',54,1,46,'1998-01-29 12:52:22','2020-10-23 14:23:15'),(9,'M','1990-05-15',86,3,6,'2011-04-15 19:26:15','2020-10-23 14:23:15'),(10,'F','1978-12-16',66,1,90,'2005-01-31 13:45:29','2020-10-23 14:23:15'),(11,'F','1971-07-20',75,2,35,'1971-08-26 13:27:59','2020-10-23 14:23:15'),(12,'F','1970-06-01',73,1,2,'2015-12-06 12:43:13','2020-10-23 14:23:15'),(13,'F','1999-12-10',41,1,7,'1975-12-24 10:07:46','2020-10-23 14:23:15'),(14,'M','1984-01-18',84,1,27,'1978-12-25 03:45:50','2020-10-23 14:23:15'),(15,'M','2003-10-13',99,1,12,'1977-03-15 14:32:27','2020-10-23 14:23:15'),(16,'M','1985-12-24',40,1,78,'1987-10-04 16:23:02','2020-10-23 14:23:15'),(17,'M','2009-04-17',2,3,55,'1974-04-05 15:02:34','2020-10-23 14:23:15'),(18,'M','1993-08-31',89,3,41,'1990-10-27 02:43:43','2020-10-23 14:23:15'),(19,'M','1996-07-13',39,1,41,'1985-06-24 15:02:45','2020-10-23 14:23:15'),(20,'M','1974-08-31',28,1,80,'2006-05-10 03:14:01','2020-10-23 14:23:15'),(21,'M','2002-01-16',23,2,76,'2011-12-07 15:46:21','2020-10-23 14:23:15'),(22,'M','1989-02-07',32,1,41,'2008-11-02 17:28:15','2020-10-23 14:23:15'),(23,'F','1986-11-12',90,1,77,'1983-03-22 04:43:51','2020-10-23 14:23:15'),(24,'F','2011-04-18',52,1,61,'1978-08-18 19:22:42','2020-10-23 14:23:15'),(25,'F','2009-10-29',89,3,72,'1991-08-21 01:22:05','2020-10-23 14:23:15'),(26,'M','1995-02-12',87,1,78,'2011-07-24 20:00:24','2020-10-23 14:23:15'),(27,'M','2006-11-11',71,1,75,'1972-08-18 18:08:47','2020-10-23 14:23:15'),(28,'F','2007-11-09',92,1,39,'2015-11-22 12:43:50','2020-10-23 14:23:15'),(29,'F','2001-10-11',45,2,70,'1974-09-17 11:09:15','2020-10-23 14:23:15'),(30,'F','1996-12-31',50,1,30,'2012-12-13 17:56:15','2020-10-23 14:23:15'),(31,'F','1995-08-26',13,1,42,'1986-01-06 07:54:16','2020-10-23 14:23:15'),(32,'M','2016-06-20',17,1,18,'1987-09-19 11:42:50','2020-10-23 14:23:15'),(33,'M','2005-09-30',42,3,64,'1983-06-05 05:39:52','2020-10-23 14:23:15'),(34,'F','2004-03-29',62,1,65,'2017-04-27 00:00:50','2020-10-23 14:23:15'),(35,'F','1974-10-03',81,1,33,'1976-11-16 11:21:49','2020-10-23 14:23:15'),(36,'M','1998-08-13',21,1,68,'1984-05-14 03:11:36','2020-10-23 14:23:15'),(37,'M','1986-10-16',60,1,43,'1972-09-27 11:52:48','2020-10-23 14:23:15'),(38,'F','1988-03-27',38,1,11,'2003-05-16 13:17:10','2020-10-23 14:23:15'),(39,'F','2012-06-22',7,1,22,'1994-12-09 08:08:14','2020-10-23 14:23:15'),(40,'M','1983-05-21',23,1,80,'1976-03-05 21:40:29','2020-10-23 14:23:15'),(41,'F','2012-07-16',94,2,31,'1991-11-04 14:43:15','2020-10-23 14:23:15'),(42,'F','2002-12-23',97,1,16,'1997-02-25 13:40:14','2020-10-23 14:23:15'),(43,'F','1997-03-27',6,1,88,'1999-06-21 11:33:33','2020-10-23 14:23:15'),(44,'F','1991-12-11',39,1,90,'2017-11-19 15:00:00','2020-10-23 14:23:15'),(45,'M','1988-07-24',75,1,87,'1997-10-22 17:09:25','2020-10-23 14:23:15'),(46,'M','2015-06-16',56,1,62,'1987-11-16 18:49:13','2020-10-23 14:23:15'),(47,'M','2010-06-13',56,1,50,'2003-12-07 01:43:32','2020-10-23 14:23:15'),(48,'F','1996-03-12',13,1,65,'2016-03-28 17:58:23','2020-10-23 14:23:15'),(49,'F','1982-02-19',94,3,74,'1993-05-30 00:31:29','2020-10-23 14:23:15'),(50,'M','2007-09-12',33,1,72,'1981-02-12 08:29:09','2020-10-23 14:23:15'),(51,'M','1974-12-17',80,1,39,'2000-08-04 05:33:41','2020-10-23 14:23:15'),(52,'M','2010-10-07',100,1,77,'1977-04-29 03:40:26','2020-10-23 14:23:15'),(53,'M','1982-02-21',60,1,70,'1993-04-07 00:41:44','2020-10-23 14:23:15'),(54,'F','2007-09-11',1,2,16,'1995-03-15 00:45:09','2020-10-23 14:23:15'),(55,'M','2014-12-20',25,1,71,'2019-09-11 12:47:46','2020-10-23 14:23:15'),(56,'M','1994-03-03',22,3,8,'2016-08-10 21:33:36','2020-10-23 14:23:15'),(57,'M','1972-02-03',35,1,26,'2004-07-18 18:31:35','2020-10-23 14:23:15'),(58,'F','1993-01-21',6,1,6,'2018-11-16 18:52:24','2020-10-23 14:23:15'),(59,'F','1995-07-29',25,1,50,'1979-08-25 18:05:37','2020-10-23 14:23:15'),(60,'M','2003-06-30',8,1,34,'1978-12-01 14:53:38','2020-10-23 14:23:15'),(61,'M','1992-01-05',65,2,19,'1981-07-29 03:18:22','2020-10-23 14:23:15'),(62,'M','1988-11-06',1,1,91,'2007-06-22 20:12:29','2020-10-23 14:23:15'),(63,'F','1984-12-02',8,3,99,'1998-04-02 18:02:48','2020-10-23 14:23:15'),(64,'F','1982-10-07',35,1,21,'2009-10-19 02:42:05','2020-10-23 14:23:15'),(65,'M','2009-04-29',52,1,9,'2005-09-20 14:57:13','2020-10-23 14:23:15'),(66,'F','1991-04-18',55,1,80,'2015-10-26 10:28:24','2020-10-23 14:23:15'),(67,'F','2011-10-14',20,1,72,'1997-09-18 16:14:20','2020-10-23 14:23:15'),(68,'M','2000-04-12',32,1,21,'2007-09-03 14:40:39','2020-10-23 14:23:15'),(69,'M','1990-12-18',1,1,86,'2004-11-22 22:53:34','2020-10-23 14:23:15'),(70,'M','1999-01-26',7,3,68,'2009-07-06 18:37:31','2020-10-23 14:23:15'),(71,'F','2006-12-29',32,1,79,'2008-01-05 06:49:49','2020-10-23 14:23:15'),(72,'M','1998-11-28',39,1,94,'1989-11-15 08:13:49','2020-10-23 14:23:15'),(73,'M','1997-07-07',98,2,32,'1989-04-06 06:02:15','2020-10-23 14:23:15'),(74,'F','1993-02-15',74,1,75,'1979-05-21 05:23:43','2020-10-23 14:23:15'),(75,'F','1985-04-17',73,1,81,'1987-12-15 18:49:13','2020-10-23 14:23:15'),(76,'F','1988-01-13',44,1,78,'2004-08-03 13:43:06','2020-10-23 14:23:15'),(77,'M','1973-06-18',99,1,48,'2020-08-17 09:53:45','2020-10-23 14:23:15'),(78,'F','2015-04-20',63,1,6,'2004-04-10 10:59:05','2020-10-23 14:23:15'),(79,'M','1977-10-19',19,1,84,'1970-11-04 21:42:47','2020-10-23 14:23:15'),(80,'M','2012-04-25',6,1,2,'1996-09-27 22:23:20','2020-10-23 14:23:15'),(81,'F','2012-06-30',73,2,57,'2001-06-09 11:02:17','2020-10-23 14:23:15'),(82,'F','1996-10-25',47,1,79,'2015-06-21 09:45:17','2020-10-23 14:23:15'),(83,'F','1979-04-27',16,1,24,'1976-03-10 00:04:49','2020-10-23 14:23:15'),(84,'F','1975-05-31',39,3,83,'2018-03-12 08:21:13','2020-10-23 14:23:15'),(85,'F','2012-11-08',44,1,44,'1993-09-07 15:30:31','2020-10-23 14:23:15'),(86,'M','1988-01-07',3,1,67,'2019-10-02 16:02:21','2020-10-23 14:23:15'),(87,'M','2010-02-04',84,1,5,'2020-09-21 23:02:55','2020-10-23 14:23:15'),(88,'M','1989-05-17',10,1,24,'2008-05-07 03:03:30','2020-10-23 14:23:15'),(89,'F','1995-07-07',98,1,5,'1982-06-27 00:59:42','2020-10-23 14:23:15'),(90,'M','1993-01-28',59,1,50,'2010-01-26 21:36:53','2020-10-23 14:23:15'),(91,'M','1972-10-24',99,1,34,'2003-02-20 08:52:47','2020-10-23 14:23:15'),(92,'M','1971-06-16',20,1,20,'2011-05-15 02:02:33','2020-10-23 14:23:15'),(93,'M','2005-02-23',2,1,96,'2012-01-13 03:46:46','2020-10-23 14:23:15'),(94,'M','2005-09-30',49,1,22,'1994-11-02 01:23:59','2020-10-23 14:23:15'),(95,'F','2004-03-11',40,1,23,'2011-01-22 20:15:31','2020-10-23 14:23:15'),(96,'M','1978-01-01',51,1,46,'1996-08-12 01:15:49','2020-10-23 14:23:15'),(97,'M','1994-10-12',34,1,60,'1971-05-02 16:29:04','2020-10-23 14:23:15'),(98,'M','2014-01-23',18,1,61,'1980-04-16 14:34:12','2020-10-23 14:23:15'),(99,'F','1994-11-12',86,3,25,'2001-05-17 13:37:30','2020-10-23 14:23:15'),(100,'F','1990-04-09',78,1,41,'1995-02-18 07:24:20','2020-10-23 14:23:15');
/*!40000 ALTER TABLE `profiles` ENABLE KEYS */;
UNLOCK TABLES;

--
-- Table structure for table `users`
--

DROP TABLE IF EXISTS `users`;
/*!40101 SET @saved_cs_client     = @@character_set_client */;
/*!50503 SET character_set_client = utf8mb4 */;
CREATE TABLE `users` (
  `id` int unsigned NOT NULL AUTO_INCREMENT,
  `first_name` varchar(100) CHARACTER SET utf8 COLLATE utf8_unicode_ci NOT NULL,
  `last_name` varchar(100) CHARACTER SET utf8 COLLATE utf8_unicode_ci NOT NULL,
  `email` varchar(100) CHARACTER SET utf8 COLLATE utf8_unicode_ci NOT NULL,
  `phone` varchar(100) CHARACTER SET utf8 COLLATE utf8_unicode_ci NOT NULL,
  `created_at` datetime DEFAULT CURRENT_TIMESTAMP COMMENT 'Время создания строки',
  `updated_at` datetime DEFAULT CURRENT_TIMESTAMP ON UPDATE CURRENT_TIMESTAMP COMMENT 'Время обновления строки',
  PRIMARY KEY (`id`),
  UNIQUE KEY `email` (`email`),
  UNIQUE KEY `phone` (`phone`)
) ENGINE=InnoDB AUTO_INCREMENT=101 DEFAULT CHARSET=utf8 COLLATE=utf8_unicode_ci;
/*!40101 SET character_set_client = @saved_cs_client */;

--
-- Dumping data for table `users`
--

LOCK TABLES `users` WRITE;
/*!40000 ALTER TABLE `users` DISABLE KEYS */;
INSERT INTO `users` VALUES (1,'Tyson','Fadel','karl79@example.net','(806)323-9047x8512','1997-11-13 12:15:00','2020-10-23 15:51:22'),(2,'Veda','Schoen','emmy96@example.net','(109)796-0841','2008-01-07 07:37:13','2020-10-23 15:51:22'),(3,'Danika','Wisozk','alycia.marks@example.com','165.252.5118x27709','2010-03-26 10:34:03','2020-10-23 15:51:22'),(4,'Abbey','Weimann','xbergstrom@example.com','(872)053-8885x6518','1997-05-20 04:10:36','2020-10-23 15:51:22'),(5,'Loma','Kris','cmayert@example.com','+47(7)7671634563','1993-07-10 00:30:50','2020-10-23 15:51:22'),(6,'Madalyn','Howell','annamarie.wilderman@example.net','(892)592-1389x654','2009-06-29 12:41:08','2020-10-23 15:51:22'),(7,'Barbara','Johns','beverly98@example.org','1-637-318-0462x9948','1971-10-22 14:28:04','1983-12-10 00:54:43'),(8,'Madge','Langosh','agusikowski@example.com','(783)264-3678','2011-11-14 00:16:43','2020-10-23 15:51:22'),(9,'Monty','Friesen','daphne60@example.org','(731)633-3720x936','1996-08-11 11:51:29','2020-10-23 15:51:22'),(10,'Kelton','Willms','o\'kon.bennett@example.net','(972)884-0845','2004-03-04 16:54:49','2020-10-23 15:51:22'),(11,'Neoma','Koelpin','murray.meagan@example.net','415.300.8138','2018-09-27 13:02:23','2020-10-23 15:51:22'),(12,'Diego','Jacobson','lilliana80@example.net','690.684.1639','2000-03-02 17:09:41','2020-10-23 15:51:22'),(13,'Tatyana','Effertz','kyler20@example.org','1-740-358-1200','1971-05-02 00:17:28','2005-03-23 07:41:12'),(14,'Leila','Bernier','drake.schinner@example.com','1-968-124-8716','2020-09-19 21:09:26','2020-10-23 15:51:22'),(15,'Christy','Williamson','blick.alford@example.org','1-255-144-7232','2004-09-02 16:28:28','2020-10-23 15:51:22'),(16,'Josefina','Hayes','asipes@example.net','1-914-020-3715','1977-12-10 08:16:50','2020-10-23 15:51:22'),(17,'Pascale','Quigley','cornell17@example.net','1-071-876-9637','1997-03-18 21:36:05','2003-11-01 15:08:29'),(18,'Nikita','Towne','gleichner.broderick@example.net','246.513.6004','2005-02-22 13:28:55','2020-10-23 15:51:22'),(19,'Travon','Grimes','harvey.nia@example.net','1-065-159-8291','2016-05-31 10:00:49','2020-10-23 15:51:22'),(20,'Mackenzie','Hoppe','lilyan.schuppe@example.net','271-406-9379x6641','1973-08-02 01:04:56','2002-12-12 03:44:40'),(21,'Mafalda','Torp','lueilwitz.deondre@example.com','(849)884-6721x9035','1979-06-13 23:56:59','2013-02-19 13:36:59'),(22,'Jamar','Johns','ethelyn01@example.org','1-987-251-6774x5731','2005-01-18 05:26:24','2020-10-23 15:51:22'),(23,'Natasha','Emard','dudley.anderson@example.org','472-231-6649','1986-06-12 00:36:00','2003-08-06 17:45:38'),(24,'Georgette','Skiles','bterry@example.com','04195137017','2011-05-23 20:26:47','2020-10-23 15:51:22'),(25,'Julio','Bergnaum','felipa.lindgren@example.org','539.461.6364','1990-03-26 17:26:07','1996-02-11 09:07:24'),(26,'Raquel','Rutherford','verona.donnelly@example.com','523.488.6486x174','1999-12-26 22:18:22','2003-03-01 05:49:06'),(27,'Mathias','Yundt','dickinson.gwen@example.net','(552)853-2038x611','2005-03-04 23:18:58','2013-01-21 02:11:24'),(28,'Wilfredo','Williamson','lubowitz.jayde@example.com','914-488-5872x282','2008-02-10 01:57:04','2017-07-28 01:44:02'),(29,'Augustine','Beahan','felipa.schowalter@example.net','297.951.8117x93057','1993-05-15 17:13:03','2020-10-23 15:51:22'),(30,'Diego','Walter','jerrod13@example.com','768.541.9565','1978-08-14 11:15:45','1982-07-26 18:05:25'),(31,'Jarred','Schimmel','maryam39@example.org','053-720-4788','1996-12-19 05:53:29','2020-10-23 15:51:22'),(32,'Steve','Reichert','jwilderman@example.com','(363)876-7194','2019-11-24 02:58:33','2020-10-23 15:51:22'),(33,'Ahmad','Wyman','eladio17@example.com','1-859-940-6004x4680','2000-08-29 08:05:32','2020-10-23 15:51:22'),(34,'Letitia','Cartwright','bednar.alessandro@example.net','+37(5)3808207251','2002-03-13 12:21:45','2020-10-23 15:51:22'),(35,'Wilfredo','Cole','lessie.pfeffer@example.com','(292)263-6067x60118','1970-01-31 03:59:12','1981-10-21 00:05:01'),(36,'Lacy','Gottlieb','mertz.laurine@example.org','(412)104-9796','1987-06-21 21:40:53','1991-04-01 02:20:02'),(37,'Phoebe','Zboncak','paucek.kiley@example.com','(955)600-1492','1973-06-26 11:27:37','2020-02-12 11:38:12'),(38,'Felicity','Fahey','gbailey@example.com','1-896-382-2578','1980-12-31 17:51:28','1981-10-21 11:29:50'),(39,'Cody','Sipes','ymcclure@example.net','462.139.2424','1972-02-03 09:44:05','1991-07-29 16:56:06'),(40,'Shana','Waelchi','rempel.bonnie@example.org','(542)363-3010','2010-03-05 07:58:00','2020-10-23 15:51:22'),(41,'Gene','Hodkiewicz','bosco.lurline@example.org','09044822180','2017-01-19 09:37:48','2020-10-23 15:51:22'),(42,'Maybelle','Hand','schaden.rylan@example.org','(546)709-5844x79274','1971-02-03 23:00:11','1976-08-27 13:29:44'),(43,'Sunny','Homenick','emile09@example.org','1-681-328-2894x8067','1997-03-04 09:05:26','2001-06-25 16:50:59'),(44,'Lorenzo','Mitchell','dorcas.kozey@example.org','664.797.4356x20002','1975-05-14 04:26:43','1995-02-13 09:44:11'),(45,'Callie','Bradtke','oswald66@example.com','+42(5)7404123672','2007-02-03 03:47:42','2020-10-23 15:51:22'),(46,'Ashleigh','Borer','wmorissette@example.org','(601)340-1600x6808','1972-08-30 22:34:42','1988-02-04 10:23:22'),(47,'Rachel','Heathcote','walsh.june@example.net','573.790.8661','1977-06-05 23:51:28','1988-10-24 17:51:39'),(48,'Darryl','Kulas','archibald56@example.net','895.241.8752x59264','2000-04-13 07:45:02','2020-10-23 15:51:22'),(49,'Sophie','Russel','barton.maiya@example.com','1-401-010-0458','1991-11-06 07:52:46','2017-12-09 14:15:04'),(50,'Sofia','Bergnaum','joesph.runte@example.org','1-346-405-0641x946','1987-03-04 16:45:10','2020-10-23 15:51:22'),(51,'Jarrod','Wunsch','lonnie.jast@example.com','1-033-193-1780','2004-05-24 17:01:45','2020-10-23 15:51:22'),(52,'Antonette','Thompson','ethel17@example.com','(909)054-2187x3856','1987-07-15 11:08:15','2020-10-23 15:51:22'),(53,'Opal','Dickens','jenkins.nannie@example.net','462.394.9455x9810','1974-11-05 18:22:52','2020-10-23 15:51:22'),(54,'Leopold','Nicolas','tierra.rippin@example.com','+25(9)2309822957','1994-02-07 23:02:59','2010-02-04 15:48:12'),(55,'Abdullah','Grimes','hudson.shanon@example.com','442.339.0224','2001-02-02 16:06:09','2007-08-12 23:22:28'),(56,'Price','West','ymcclure@example.com','04902301122','2000-08-15 07:54:45','2020-10-23 15:51:22'),(57,'Rahsaan','Turcotte','orohan@example.net','1-650-086-4496x0705','2000-11-17 11:58:34','2020-10-23 15:51:22'),(58,'Reanna','Witting','pherzog@example.net','1-135-828-1266','2017-09-29 05:26:04','2020-05-25 08:54:52'),(59,'Cynthia','Crooks','akeem26@example.org','+67(0)5367124181','2019-03-31 17:06:10','2020-10-23 15:51:22'),(60,'Waylon','Heathcote','vvon@example.com','08544714576','1973-05-15 12:49:02','1989-08-22 21:26:14'),(61,'Cody','DuBuque','ila04@example.org','358.926.3990','1986-02-26 20:51:46','1986-11-28 18:20:43'),(62,'Augusta','Wehner','abernathy.erica@example.com','632-057-4826','2017-08-19 03:28:09','2020-10-23 15:51:22'),(63,'Dwight','Heller','terry.marjory@example.net','937-595-8277','1999-12-11 01:38:26','2020-10-23 15:51:22'),(64,'Eryn','Dietrich','wyman37@example.net','(967)042-0999','2014-07-26 16:44:17','2020-10-23 15:51:22'),(65,'Isabell','Nicolas','pkemmer@example.com','532.232.9544x5657','2007-03-27 07:59:37','2020-10-23 15:51:22'),(66,'Dora','Kautzer','june.mayert@example.net','1-889-452-3516x04650','2004-02-12 15:05:35','2020-08-28 07:32:19'),(67,'Minnie','Leannon','domenica54@example.org','638.957.9341','2013-04-14 15:05:55','2020-10-23 15:51:22'),(68,'Sim','Runolfsdottir','dawson.langworth@example.com','(165)862-5614x68639','2014-01-18 08:09:27','2020-10-23 15:51:22'),(69,'Jarrod','Mraz','ifarrell@example.com','+08(5)8794346040','1989-05-08 09:18:28','1990-03-19 17:12:45'),(70,'Royce','McClure','o\'keefe.vivianne@example.net','1-531-268-8233','1976-09-20 17:04:29','2020-10-23 15:51:22'),(71,'Carole','Hayes','ray01@example.com','(303)036-0056x74206','2014-10-29 10:03:12','2015-08-08 19:56:00'),(72,'Kevin','Osinski','beier.marquis@example.com','284.547.8809','1992-12-30 03:30:01','2019-06-28 01:46:39'),(73,'Everette','Kuphal','ronny44@example.org','311.459.1996x17961','2012-12-26 20:49:08','2020-10-23 15:51:22'),(74,'Anissa','Reilly','oschumm@example.com','(919)170-6726x185','1978-03-19 10:56:52','2007-09-17 11:49:42'),(75,'Beaulah','Rolfson','grimes.kelly@example.org','(285)783-9094x087','1973-09-04 22:43:48','1995-04-19 07:42:48'),(76,'Lucio','Schaefer','csimonis@example.org','515.614.3866x24511','1994-03-20 12:41:18','1996-06-30 14:03:54'),(77,'Newton','Hettinger','donnelly.eliza@example.com','(075)306-7531','2010-02-06 20:21:05','2020-10-23 15:51:22'),(78,'Arvilla','Bins','collier.serena@example.net','+04(7)0896033994','1978-10-18 15:37:06','1996-11-11 04:23:18'),(79,'Amalia','Muller','uschultz@example.net','1-264-194-0612x4541','1972-06-23 15:03:58','1986-01-28 02:35:51'),(80,'Alfredo','Weimann','garfield.muller@example.com','(266)126-7306x582','1989-11-21 02:45:59','2020-10-23 15:51:22'),(81,'Lowell','Mraz','claudie.kassulke@example.net','584.608.2302','1977-03-08 05:41:21','2015-08-03 08:07:28'),(82,'Justine','Roob','atorp@example.org','00951628961','1981-03-03 09:20:56','1985-11-04 23:38:30'),(83,'Enrico','Von','lindgren.maeve@example.org','1-310-543-6151x362','2018-01-11 01:42:42','2020-10-23 15:51:22'),(84,'Cristopher','Dicki','hilma.towne@example.net','(400)019-9688x06727','2018-09-12 21:51:30','2020-10-23 15:51:22'),(85,'Deshaun','Stehr','stamm.marion@example.org','03200079150','2019-04-19 12:35:35','2020-10-23 15:51:22'),(86,'Meghan','Reichel','iconsidine@example.net','+58(5)4841866423','1984-01-01 05:29:37','1984-02-06 10:38:17'),(87,'Akeem','Stoltenberg','huel.amber@example.com','765.132.2714','2001-12-24 23:38:55','2008-04-27 22:19:29'),(88,'Ines','Schowalter','enola35@example.org','1-493-085-9594x02510','2011-05-20 04:57:19','2020-10-23 15:51:22'),(89,'Lucienne','Reinger','xkutch@example.org','(649)168-4545x4435','1977-02-23 00:05:35','1977-03-12 15:26:02'),(90,'Carlie','Olson','cormier.rachael@example.net','283-704-4760x868','1983-02-11 11:49:00','2007-05-28 12:35:41'),(91,'Jadon','Kerluke','ewintheiser@example.org','1-151-646-7924x0587','2017-12-12 15:49:58','2020-10-23 15:51:22'),(92,'Kris','Shanahan','guido21@example.org','1-380-959-7014x59725','2017-02-14 10:23:02','2020-10-23 15:51:22'),(93,'Maiya','Bergnaum','juanita.blick@example.com','1-382-590-1698','2013-02-08 20:07:46','2020-10-23 15:51:22'),(94,'Dianna','Stamm','auer.sofia@example.com','(258)226-4911','1989-08-25 03:50:05','2020-10-23 15:51:22'),(95,'Eden','Weimann','robb.robel@example.org','428-190-6155x77832','1989-12-30 11:41:53','2020-10-23 15:51:22'),(96,'Gia','Renner','katlyn67@example.net','(000)376-2057x70122','1986-12-24 16:54:09','1990-08-05 13:40:22'),(97,'Cecilia','Roob','ratke.jasen@example.net','(567)403-6936x245','2018-10-31 23:10:19','2020-10-23 15:51:22'),(98,'Kaylah','Feil','franz21@example.net','09018119436','2008-12-01 06:33:52','2020-10-23 15:51:22'),(99,'Domingo','Legros','edgar.kilback@example.org','507.370.3231','2006-12-11 23:58:31','2020-10-23 15:51:22'),(100,'Jamir','Shanahan','eondricka@example.org','101-983-9350x3801','2015-07-06 12:31:52','2020-10-23 15:51:22');
/*!40000 ALTER TABLE `users` ENABLE KEYS */;
UNLOCK TABLES;
/*!40103 SET TIME_ZONE=@OLD_TIME_ZONE */;

/*!40101 SET SQL_MODE=@OLD_SQL_MODE */;
/*!40014 SET FOREIGN_KEY_CHECKS=@OLD_FOREIGN_KEY_CHECKS */;
/*!40014 SET UNIQUE_CHECKS=@OLD_UNIQUE_CHECKS */;
/*!40101 SET CHARACTER_SET_CLIENT=@OLD_CHARACTER_SET_CLIENT */;
/*!40101 SET CHARACTER_SET_RESULTS=@OLD_CHARACTER_SET_RESULTS */;
/*!40101 SET COLLATION_CONNECTION=@OLD_COLLATION_CONNECTION */;
/*!40111 SET SQL_NOTES=@OLD_SQL_NOTES */;

-- Dump completed on 2020-10-23 16:02:57
